pos,ndcg,P$@$k
0.0,,0.0
10.0,0.9915471709401126,0.0
20.0,0.9886622821786232,0.0
30.0,0.9844915779898614,0.03225806451612903
40.0,0.982423798132022,0.0975609756097561
50.0,0.9848858528858294,0.29411764705882354
60.0,0.9866633388366584,0.4426229508196721
70.0,0.9880175998134518,0.5211267605633803
80.0,0.989089606398053,0.5802469135802469
90.0,0.989962799695082,0.6263736263736264
100.0,0.9906900380322269,0.6831683168316832
110.0,0.9913065911439128,0.7117117117117117
120.0,0.9918369799296852,0.7355371900826446
130.0,0.9922988306095091,0.7557251908396947
140.0,0.9927051685353063,0.7872340425531915
150.0,0.9930658460465439,0.8013245033112583
160.0,0.9933884653167965,0.8260869565217391
170.0,0.9936789941607291,0.8362573099415205
180.0,0.993942188411791,0.8453038674033149
190.0,0.9941818886450723,0.8534031413612565
200.0,0.9944012330563835,0.8656716417910447
210.0,0.9946028130603379,0.8720379146919431
220.0,0.9947887889262472,0.8778280542986425
230.0,0.9949609770072084,0.8831168831168831
240.0,0.9951209164333007,0.8879668049792531
250.0,0.9952699207309539,0.9043824701195219
260.0,0.9954091182233993,0.9080459770114943
270.0,0.9955394839749845,0.915129151291513
280.0,0.9956618652874039,0.9217081850533808
290.0,0.9957770022262925,0.9278350515463918
300.0,0.9962586386646813,0.9302325581395349
310.0,0.996869563237585,0.932475884244373
320.0,0.9963396991502494,0.9158878504672897
330.0,0.9941697082720449,0.8882175226586103
340.0,0.9921076205035088,0.8621700879765396
350.0,0.9910723226661532,0.8490028490028491
360.0,0.9909456213793119,0.8282548476454293
370.0,0.9908687434835765,0.8059299191374663
380.0,0.990838284591562,0.7900262467191601
390.0,0.9902225264088884,0.7698209718670077
400.0,0.9891824873013728,0.7506234413965087
410.0,0.9877850801503522,0.7396593673965937
420.0,0.9877357158007749,0.7387173396674585
430.0,0.9877650823699413,0.7354988399071926
440.0,0.9877557364362922,0.7301587301587301
450.0,0.987783363309378,0.720620842572062
460.0,0.9878099991314205,0.7180043383947939
470.0,0.9879411825536414,0.7048832271762208
480.0,0.9879641909406751,0.7068607068607069
490.0,0.9879526670415607,0.6965376782077393
500.0,0.9879745551657604,0.6946107784431138
510.0,0.9879957372027829,0.6868884540117417
520.0,0.9879522638197601,0.6813819577735125
530.0,0.9879416818375045,0.6836158192090396
540.0,0.9879313735812806,0.6839186691312384
550.0,0.9879213897255515,0.6823956442831216
560.0,0.9878818600893483,0.6827094474153298
570.0,0.9878729406697558,0.6760070052539404
580.0,0.9878354368713423,0.6781411359724613
590.0,0.9878274223103513,0.6734348561759729
600.0,0.9879034870102927,0.6738768718801996
610.0,0.9879760095583529,0.679214402618658
620.0,0.9881802106749957,0.6908212560386473
630.0,0.9883789353379958,0.705229793977813
640.0,0.9885723515863856,0.7160686427457098
650.0,0.9888255209486115,0.728110599078341
660.0,0.9890337684880613,0.7382753403933434
670.0,0.9892367739500861,0.7540983606557377
680.0,0.9894843562675549,0.762114537444934
690.0,0.9897012690815602,0.7698986975397974
700.0,0.9898644387045311,0.7774607703281027
710.0,0.9900475696062172,0.7862165963431786
720.0,0.9902499537870596,0.7961165048543689
730.0,0.9904941417806238,0.8057455540355677
740.0,0.9906636809211343,0.815114709851552
750.0,0.9908293728181827,0.8202396804260985
760.0,0.9909912621422842,0.8278580814717477
770.0,0.991216036910661,0.8326848249027238
780.0,0.9913810902145915,0.8425096030729834
790.0,0.9915317322588226,0.8508217446270544
800.0,0.9917218962065821,0.8589263420724095
810.0,0.9919080005212003,0.8643649815043156
820.0,0.9920693124876452,0.8708891595615104
830.0,0.9922892389796324,0.8772563176895307
840.0,0.9925046183154067,0.8834720570749108
850.0,0.9926449541720906,0.8883666274970623
860.0,0.9927325089505732,0.8931475029036005
870.0,0.9928973865312418,0.8989667049368542
880.0,0.9930785716027556,0.905788876276958
890.0,0.9932755980448679,0.9147025813692481
900.0,0.993373123904817,0.9178690344062154
910.0,0.9935256055002167,0.9220636663007684
920.0,0.9936189743043063,0.9250814332247557
930.0,0.9937105895894898,0.9269602577873255
940.0,0.9938372776792094,0.9277364505844846
950.0,0.9939980249370697,0.9284963196635121
960.0,0.9941378628806264,0.931321540062435
970.0,0.9942573396806326,0.9320288362512873
980.0,0.9943923468866919,0.9347604485219164
990.0,0.9944899951585341,0.9354187689202825
1000.0,0.994585934381527,0.9370629370629371
1010.0,0.9947489339282166,0.9376854599406528
1020.0,0.9948751262521679,0.9382957884427032
1030.0,0.99499070075029,0.9408341416100873
1040.0,0.9952623857588179,0.9414024975984631
1050.0,0.9955461371721652,0.9419600380589914
1060.0,0.9958088634443303,0.942507068803016
1070.0,0.9960674176657947,0.9439775910364145
1080.0,0.9962896029253985,0.9444958371877891
1090.0,0.9965723068573272,0.9450045829514208
1100.0,0.9962082628953738,0.9391462306993642
1110.0,0.9955114922417758,0.9315931593159316
1120.0,0.9948098042510726,0.9232827832292596
1130.0,0.9941032885932963,0.9151193633952255
1140.0,0.993929121592433,0.908851884312007
1150.0,0.9938337478799963,0.9009556907037359
1160.0,0.9934528779161528,0.8931955211024979
1170.0,0.9930925622261946,0.8855678906917165
1180.0,0.9928414995705406,0.8789161727349704
1190.0,0.9928005208348456,0.8740554156171285
1200.0,0.9927601316736085,0.8701082431307244
1210.0,0.992720313960328,0.8629232039636664
1220.0,0.9926666639675077,0.8574938574938575
1230.0,0.9926137591066386,0.851340373679935
1240.0,0.9921218031117266,0.8460918614020951
1250.0,0.9912562220145009,0.841726618705036
1260.0,0.9904304760057262,0.8350515463917526
1270.0,0.9895881941778514,0.8284815106215578
1280.0,0.9887641669221151,0.8235753317720531
1290.0,0.9879169794431686,0.8179705654531371
1300.0,0.9879364994286625,0.8186010760953113
1310.0,0.9879153134143117,0.8154080854309688
1320.0,0.9878944064296891,0.8122634367903103
1330.0,0.987887058608861,0.8106686701728024
1340.0,0.9878797974959861,0.808351976137211
1350.0,0.9879381833075372,0.8082901554404145
1360.0,0.9879047006301392,0.804555473916238
1370.0,0.9879104259741363,0.8030634573304157
1380.0,0.9878903983512168,0.7986965966690803
1390.0,0.9878642460862699,0.794392523364486
1400.0,0.9878574271813605,0.7915774446823698
1410.0,0.987850689660588,0.7909284195605953
1420.0,0.9878315218781183,0.7881773399014779
1430.0,0.9878125940532785,0.7833682739343116
1440.0,0.9878185745842142,0.7834836918806385
1450.0,0.9878244741181367,0.7801516195727085
1460.0,0.9877937646422036,0.7782340862422998
1470.0,0.987787630478296,0.7763426240652618
1480.0,0.9878056147111243,0.7758271438217421
1490.0,0.9878472872815172,0.7733065057008719
1500.0,0.9878172224864752,0.770819453697535
1510.0,0.9877698066035571,0.7703507610853739
1520.0,0.9877522563167936,0.7666009204470743
1530.0,0.9877815339880136,0.7655127367733507
1540.0,0.9877873080130262,0.763140817650876
1550.0,0.9877930221985067,0.7627337201805287
1560.0,0.9877872283729285,0.7616912235746316
1570.0,0.9877928734743409,0.7600254614894971
1580.0,0.9877982366252549,0.7609108159392789
1590.0,0.9879148299203121,0.7668133249528598
1600.0,0.9880413597874736,0.7695190505933791
1610.0,0.988144321796276,0.7734326505276226
1620.0,0.9882351393980237,0.7766810610734115
1630.0,0.9883249959664295,0.7805027590435316
1640.0,0.9884303140488592,0.7842778793418648
1650.0,0.9885236668891566,0.7886129618413082
1660.0,0.988599842658777,0.794099939795304
1670.0,0.9886967350344211,0.7971274685816876
1680.0,0.988771260899971,0.800118976799524
1690.0,0.9888662882900807,0.8036664695446482
1700.0,0.988960360700445,0.8065843621399177
1710.0,0.9890745108060094,0.8100526008182349
1720.0,0.9891666124115059,0.8123184195235328
1730.0,0.9892473985690365,0.8174465626805315
1740.0,0.9893273789554922,0.8202182653647329
1750.0,0.9894168662267417,0.8229583095374072
1760.0,0.9895361923618636,0.825099375354912
1770.0,0.9896441821087288,0.8283455674760023
1780.0,0.9897409911445382,0.8321167883211679
1790.0,0.9898167143212784,0.835287548855388
1800.0,0.9899217945534163,0.8384230982787341
1810.0,0.9900258771890156,0.8409718387631143
1820.0,0.9901041611239114,0.844041735310269
1830.0,0.990186648739963,0.8487165483342436
1840.0,0.9902781882240609,0.8517110266159695
1850.0,0.9903590963776757,0.855213398163155
1860.0,0.9904295333307519,0.8581407845244492
1870.0,0.9905283487138532,0.8615713522180652
1880.0,0.9905781094321716,0.8649654439128124
1890.0,0.9906657400826808,0.8677948175568482
1900.0,0.9907382765562339,0.8721725407680169
1910.0,0.9908243858894867,0.8749345892203035
1920.0,0.9909050027509329,0.8766267568974493
1930.0,0.9909989887840984,0.8788192646297255
1940.0,0.9910640813291289,0.8820195775373518
1950.0,0.991137906327068,0.884674525884162
1960.0,0.9912110785682359,0.8878123406425293
1970.0,0.9912882196191272,0.8909183155758498
1980.0,0.9913784525732586,0.8929833417465927
1990.0,0.991449626955107,0.8955298844801607
2000.0,0.9915383670135939,0.8985507246376812
2010.0,0.9916172983718945,0.9025360517155644
2020.0,0.9916955533447219,0.9045027214250371
2030.0,0.9917641722680262,0.9074347612013787
2040.0,0.9918411316977962,0.9098481136697697
2050.0,0.9919085549978466,0.9122379327157484
2060.0,0.9919931006990826,0.9126637554585153
2070.0,0.9920505275114045,0.9130854659584742
2080.0,0.9921512995321528,0.9135031234983181
2090.0,0.9922337795569808,0.9143950263032042
2100.0,0.9923155815446236,0.914802475011899
2110.0,0.9923707615360706,0.9152060634770252
2120.0,0.9924341037911589,0.9156058462989156
2130.0,0.9925054996204806,0.9169404035664007
2140.0,0.9925848532206969,0.9177954226996731
2150.0,0.9926253251362751,0.9186424918642492
2160.0,0.9926739323479072,0.9194817214252661
2170.0,0.9927347854323524,0.919852602487333
2180.0,0.9927951560002336,0.921595598349381
2190.0,0.9928383361564175,0.9214970333181196
2200.0,0.9928978101125673,0.9218537028623353
2210.0,0.992944393685355,0.9226594301221167
2220.0,0.9929864884127863,0.9234579018460153
2230.0,0.9930611062610487,0.9242492155983864
2240.0,0.9931106098740392,0.9245872378402499
2250.0,0.9931434385957381,0.9253665037760995
2260.0,0.9932165644590335,0.9261388766032729
2270.0,0.9932729781715428,0.9273447820343461
2280.0,0.9933289591832202,0.9281017097764138
2290.0,0.9933765066738962,0.9284155390659101
2300.0,0.9934476244310668,0.9287266405910474
2310.0,0.9935261501989999,0.9294677628732151
2320.0,0.99360009988543,0.9302024989228781
2330.0,0.9937008115908318,0.9326469326469327
2340.0,0.9938398484185804,0.9329346433148227
2350.0,0.9939700483936387,0.9332199064227988
2360.0,0.9940915168951672,0.9339263024142312
2370.0,0.9942431506952208,0.9342049768030367
2380.0,0.9943782347902206,0.9349013019739605
2390.0,0.994489250727915,0.9355918025930573
2400.0,0.9946148168451688,0.9358600583090378
2410.0,0.9947394871928225,0.9361260887598507
2420.0,0.9948328283887571,0.9363899215200331
2430.0,0.9949558438545255,0.9366515837104072
2440.0,0.9950704440396143,0.936911102007374
2450.0,0.9952143455303374,0.9375764993880049
2460.0,0.9953272518563552,0.9378301503453881
2470.0,0.9954617835168352,0.9380817482800485
2480.0,0.9955804998171439,0.9383313180169287
2490.0,0.9955389960379583,0.9369731031714171
2500.0,0.9953500096247989,0.9332267093162735
2510.0,0.9951549564425634,0.929510155316607
2520.0,0.9949795635756311,0.9262197540658469
2530.0,0.9947870954113208,0.9225602528644804
2540.0,0.9946687212616528,0.9197166469893743
2550.0,0.9946418299247964,0.9165033320266562
2560.0,0.9945717553283356,0.9129246388129637
2570.0,0.9941024499057471,0.9097627382341501
2580.0,0.9936398614606522,0.9066253390158853
2590.0,0.9932160956907752,0.9031262060980316
2600.0,0.9927737575417158,0.8996539792387543
2610.0,0.9923272403430371,0.896591344312524
2620.0,0.991897802320941,0.893170545593285
2630.0,0.9914676459303583,0.8901558342835424
2640.0,0.9913037451123785,0.8867853085952291
2650.0,0.9911479054394375,0.8834402112410411
2660.0,0.9910070304075549,0.880120255543029
2670.0,0.9908809617695986,0.8768251591164358
2680.0,0.9908734888001687,0.8750466243938829
2690.0,0.9908522548746286,0.8729096989966555
2700.0,0.9908173943953317,0.8715290633098852
2710.0,0.9908101847827686,0.8701586130579122
2720.0,0.9907961866616565,0.8669606762219773
2730.0,0.9907754656477213,0.863786158916148
2740.0,0.9907582685330529,0.8609996351696461
2750.0,0.9907513271144255,0.8582333696837514
2760.0,0.9907478021984131,0.8565737051792829
2770.0,0.9907342175667767,0.8549260194875496
2780.0,0.9907173695059255,0.8529306005034161
2790.0,0.9906972896635362,0.8509494804729487
2800.0,0.9906839838793455,0.8486254908961085
2810.0,0.9906641311353248,0.848096762717894
2820.0,0.9906377930742312,0.847217298830202
2830.0,0.9906181989482846,0.8452843518191452
2840.0,0.9905921596957633,0.8430130235832454
2850.0,0.9905793672656791,0.8421606453875833
2860.0,0.9905601309353531,0.8402656413841314
2870.0,0.9905475113657506,0.8390804597701149
2880.0,0.9905414474724299,0.8372093023255814
2890.0,0.9905289625677531,0.8363887928052577
2900.0,0.990516550248071,0.8362633574629438
2910.0,0.99049458370354,0.835108210237032
2920.0,0.9904759453419452,0.8325915782266348
2930.0,0.9904637967742956,0.8307744796997611
2940.0,0.9904390031501903,0.8310098605916355
2950.0,0.99043337144831,0.8309047780413419
2960.0,0.9904088167157439,0.8294495103005741
2970.0,0.9903907038254467,0.8286772130595759
2980.0,0.9903946715783848,0.8258973498825898
2990.0,0.9903860972786104,0.8244734202607823
3000.0,0.9903557348599265,0.8230589803398867
3010.0,0.9903379879720251,0.8219860511457987
3020.0,0.990301738238526,0.82025819265144
3030.0,0.9902966069721686,0.8185417354008578
3040.0,0.9902883964340671,0.8171654061164091
3050.0,0.9903076132487131,0.8171091445427728
3060.0,0.9903327878754401,0.8160731786997714
3070.0,0.9903881299235321,0.818625854770433
3080.0,0.9904431674671982,0.8201882505679974
3090.0,0.9904918300579794,0.8220640569395018
3100.0,0.9905553613130628,0.8236052886165753
3110.0,0.9906094891932758,0.825136612021858
3120.0,0.9906512848422678,0.8276193527715476
3130.0,0.9906928548680365,0.8291280740977324
3140.0,0.9907461636186053,0.8312639286851321
3150.0,0.9907812862483405,0.8321167883211679
3160.0,0.9908370438134967,0.8342296741537488
3170.0,0.9908806345175852,0.8347524440239672
3180.0,0.9909269504815842,0.835900660169758
3190.0,0.9909907128753508,0.8379818238796616
3200.0,0.9910188486569695,0.8406747891283973
3210.0,0.9910468347492459,0.8427281220803488
3220.0,0.9910922157061557,0.8444582427817448
3230.0,0.9911431887924931,0.8455586505725782
3240.0,0.9911822638700879,0.8469608145634063
3250.0,0.991215334571832,0.8483543525069209
3260.0,0.9912540147802897,0.8497393437595829
3270.0,0.9913040255540572,0.8511158667074289
3280.0,0.9913537755059559,0.8524839987808595
3290.0,0.9913803320320952,0.8538438164691583
3300.0,0.9914239025821798,0.8548924568312632
3310.0,0.9914672503271176,0.8571428571428571
3320.0,0.9914961581142764,0.8584763625414031
3330.0,0.9915419305693762,0.859801861302912
3340.0,0.9915846391865595,0.8608201137384017
3350.0,0.9916384097381289,0.8630259623992838
3360.0,0.991700343120757,0.8640285629277001
3370.0,0.9917367213156056,0.8650252150697123
3380.0,0.991781307648908,0.8660159716060337
3390.0,0.9918117206391948,0.86670598643468
3400.0,0.9918614548394844,0.868274037047927
3410.0,0.9918970680655922,0.8698328935795955
3420.0,0.9919159005401966,0.8705057000876937
3430.0,0.9919511947559385,0.8720489653162343
3440.0,0.9919808095157753,0.8735832606800349
3450.0,0.992021257773793,0.8751086641553173
3460.0,0.9920724526331691,0.8766252528171049
3470.0,0.9921124763739905,0.8784212042639009
3480.0,0.9921631928736794,0.8793450158000574
3490.0,0.9922027977092837,0.8802635348037812
3500.0,0.9922367916723794,0.8817480719794345
3510.0,0.9922490058917516,0.8835089718029051
3520.0,0.9922827175224325,0.8846918489065606
3530.0,0.9923108900449951,0.886434437836307
3540.0,0.9923389259550345,0.8878847783112115
3550.0,0.9923882138328218,0.8893269501548859
3560.0,0.9924265979944353,0.8901993821960124
3570.0,0.9924488393905738,0.8921870624474937
3580.0,0.9924921974507769,0.8941636414409383
3590.0,0.99252476368196,0.8952937900306321
3600.0,0.9925571749918309,0.896973063038045
3610.0,0.9925894319808581,0.8975353087787317
3620.0,0.9926215348947839,0.899751449875725
3630.0,0.9926508675731212,0.9005783530707794
3640.0,0.9926983483267213,0.9022246635539687
3650.0,0.9927325756139309,0.9035880580662832
3660.0,0.9927640420449678,0.9049440043703906
3670.0,0.9928109199142403,0.9060201579950967
3680.0,0.9928472305760716,0.9070904645476773
3690.0,0.9928833744249779,0.9084259008398808
3700.0,0.9929039065718226,0.9094839232639828
3710.0,0.9929320460054654,0.9108057127458906
3720.0,0.992967737482622,0.9123891427035743
3730.0,0.9930185921262534,0.913964084695792
3740.0,0.9930437289880453,0.9147286821705426
3750.0,0.9930687510140985,0.9160223940282591
3760.0,0.9930911220319009,0.9162456793406009
3770.0,0.993120979818236,0.9164677804295943
3780.0,0.993155747206267,0.9166887066913515
3790.0,0.9931853234272009,0.9171722500659457
3800.0,0.9931996980998385,0.9171270718232044
3810.0,0.993239058327298,0.9170821306743637
3820.0,0.99327823970007,0.9172991363517404
3830.0,0.9933247250129287,0.9177760375880971
3840.0,0.9933585671098363,0.9179901067430357
3850.0,0.9933922559325029,0.917943391326928
3860.0,0.9934208444568823,0.9181559181559181
3870.0,0.9934468362967068,0.918625678119349
3880.0,0.9934751769640598,0.91857768616336
3890.0,0.9935083064909305,0.9190439475713185
3900.0,0.9935363853352643,0.9197641630351192
3910.0,0.9935618946965762,0.9199693173101509
3920.0,0.99360437268087,0.9201734251466462
3930.0,0.9936466631287268,0.9206308827270414
3940.0,0.9936790519446025,0.920832276072063
3950.0,0.9937016086229371,0.9212857504429258
3960.0,0.9937168150329735,0.9217369351173946
3970.0,0.9937464247730153,0.9221858473936037
3980.0,0.9937734998481721,0.9226325043958804
3990.0,0.9938004566785522,0.9230769230769231
4000.0,0.9938201133997066,0.9232691827043239
4010.0,0.9938564100600544,0.9239591124407879
4020.0,0.9938782474214964,0.9246456105446407
4030.0,0.9939285321164968,0.9248325477548995
4040.0,0.9939453798056407,0.9252660232615689
4050.0,0.9939716264336603,0.9254505060478894
4060.0,0.994007209495899,0.9258803250430928
4070.0,0.9940426394762967,0.9265536723163842
4080.0,0.9940614609943432,0.9269786816956628
4090.0,0.9940919323225574,0.9281349303348815
4100.0,0.9941175945002687,0.9285540112167764
4110.0,0.9941431476612346,0.9287278034541474
4120.0,0.9941732533535302,0.9289007522446008
4130.0,0.9942171827445173,0.9293149358508835
4140.0,0.9942423699442681,0.9294856314899783
4150.0,0.9942813395100998,0.9294145988918333
4160.0,0.9943039809471826,0.9293439077144917
4170.0,0.9943242235128242,0.9297530568209063
4180.0,0.9943535795185201,0.9299210715139918
4190.0,0.9943874017975578,0.9303268909568122
4200.0,0.9944165070583295,0.9312068555105927
4210.0,0.9944500602130389,0.9320826407029209
4220.0,0.9944834740786381,0.9322435441838427
4230.0,0.9945031078684445,0.9324036870716143
4240.0,0.9945226606276306,0.9327988681914643
4250.0,0.994560246522292,0.9329569513055752
4260.0,0.9945796064155977,0.9335836658061488
4270.0,0.994607903748321,0.9342074455631
4280.0,0.9946450847575977,0.934361130576968
4290.0,0.9946776256815628,0.9347471451876019
4300.0,0.9947055552955757,0.9348988607300628
4310.0,0.9947311245158935,0.9359777313848295
4320.0,0.9947832479743874,0.9384401758852118
4330.0,0.9948329397071167,0.9408912491341491
4340.0,0.9948846200553481,0.9414881363741073
4350.0,0.9949603941714918,0.9416226154906918
4360.0,0.9950203941408116,0.9419857830772759
4370.0,0.9950911935120749,0.9421185083504918
4380.0,0.9951573135207141,0.9424788860990642
4390.0,0.9952231779847008,0.9428376224094739
4400.0,0.9952800151601959,0.9429675073846853
4410.0,0.9953585185948868,0.9430968034459306
4420.0,0.9954214313989369,0.9434517077584257
4430.0,0.995488462387111,0.9435793274655834
4440.0,0.9955574099061367,0.94370637243864
4450.0,0.9956174116239622,0.9438328465513368
4460.0,0.9956815165501396,0.943958753642681
4470.0,0.9957410532498574,0.9440840975173339
4480.0,0.9958046787036137,0.9442088819459942
4490.0,0.9958723671546464,0.944333110665776
4500.0,0.995926908552611,0.9446789602310598
4510.0,0.9959919640827353,0.9450232764353802
4520.0,0.9960546349134458,0.9451448794514488
4530.0,0.9961127992887655,0.9452659457073493
4540.0,0.9961707445808566,0.9456066945606695
4550.0,0.9962391094954851,0.9457262140188969
4560.0,0.9963008493367252,0.945845209383907
4570.0,0.9963665948227857,0.9459636840953839
4580.0,0.9964172954301515,0.9462999345121152
4590.0,0.9964783580275071,0.9464169026355914
4600.0,0.9964086265041829,0.9443599217561399
4610.0,0.9963139308535259,0.9423118629364563
4620.0,0.9962153895296995,0.9402726682536248
4630.0,0.9960334776851496,0.9384582163679551
4640.0,0.9957791025404104,0.9370825253178194
4650.0,0.9955194073127775,0.935067727370458
4660.0,0.9952398524690299,0.9332761210040764
4670.0,0.994969628962663,0.9312780989081567
4680.0,0.9947045386339338,0.9292886135441145
4690.0,0.9944342069658644,0.9275207844809209
4700.0,0.994164858625412,0.9255477557966391
4710.0,0.9938985495154887,0.9235831033750797
4720.0,0.9936414339205872,0.9216267739885617
4730.0,0.9934221998690278,0.9196787148594378
4740.0,0.9933164568998479,0.917738873655347
4750.0,0.9932622196072703,0.9164386444958956
4760.0,0.9932510436658026,0.9153539172442764
4770.0,0.9932358340928509,0.9134353385034584
4780.0,0.9932227142273788,0.9115247856097051
4790.0,0.9931365782803367,0.9098309329993738
4800.0,0.9930385962387431,0.9083524265777962
4810.0,0.9929389416865355,0.9064643525254625
4820.0,0.9928537666243399,0.9047915370255134
4830.0,0.992762849925297,0.9031256468640033
4840.0,0.9927506545447906,0.9024994835777732
4850.0,0.9927364980651517,0.9016697588126159
4860.0,0.9927283989121558,0.9008434478502366
4870.0,0.9927083348094192,0.9000205296653665
4880.0,0.9927082930002874,0.8987912313050604
4890.0,0.9927002855820282,0.897158045389491
4900.0,0.9926783918173905,0.8953274841869007
4910.0,0.9926545919495217,0.893911626959886
4920.0,0.9926506769889778,0.8925015240804715
4930.0,0.992644798544512,0.8906915432975056
4940.0,0.9925107030525553,0.8888888888888888
4950.0,0.9923396529264756,0.887093516461321
4960.0,0.9921672291170331,0.8853053819794396
4970.0,0.9920032482384877,0.8835244417622209
4980.0,0.9918378745642475,0.8817506524794217
4990.0,0.9917708077883923,0.880985774393909
5000.0,0.9917683643690857,0.880623875224955
5010.0,0.9917581393704008,0.8798642985432049
5020.0,0.9917635024374739,0.8793069109739096
5030.0,0.9917552629608214,0.8781554362949712
5040.0,0.9917470519823469,0.8770085300535608
5050.0,0.991740801017285,0.8756681845179173
5060.0,0.9917384326780007,0.8753210827899625
5070.0,0.9917283649168961,0.8739893512127785
5080.0,0.9917183317642349,0.8734501082464082
5090.0,0.9917160109884584,0.8725201335690435
5100.0,0.9917060337382371,0.8717898451284062
5110.0,0.9916922645023342,0.8720406965368812
5120.0,0.9916728143036909,0.8713141964460066
5130.0,0.9916610528889744,0.8711752095108166
5140.0,0.9916569400766596,0.870453219218051
5150.0,0.9916414462312196,0.8691516210444574
5160.0,0.9916392738190133,0.8680488277465608
5170.0,0.9916295395656831,0.8673370721330497
5180.0,0.9916179487753709,0.8668210770121598
5190.0,0.9916007402344548,0.867077634367174
5200.0,0.991591117178394,0.8665641222841761
5210.0,0.9915852838755825,0.8658606793321819
5220.0,0.9915832213944389,0.8643937942922811
5230.0,0.9915774208981929,0.864079525903269
5240.0,0.99157911502287,0.8631940469376074
5250.0,0.991571474755808,0.862692820415159
5260.0,0.9915582725756105,0.8621934993347272
5270.0,0.9915451139035973,0.8613166382090685
5280.0,0.9915412778308292,0.8608218140503693
5290.0,0.9915263378677991,0.8603288603288604
5300.0,0.9915114469556059,0.8602150537634409
5310.0,0.9915021427168671,0.8595368103935229
5320.0,0.9914928684790851,0.8588611163315166
5330.0,0.9914983437683887,0.8580003751641343
5340.0,0.9914854339655765,0.8573300879985022
5350.0,0.9914707319998495,0.8562885441973462
5360.0,0.9914688907517695,0.8548778213019959
5370.0,0.9914670558962381,0.8544032768571961
5380.0,0.9914597539636395,0.8541163352536704
5390.0,0.9914597593317024,0.8536449638286032
5400.0,0.9914488572530255,0.8531753379003888
5410.0,0.991439804821246,0.8527074477915357
5420.0,0.9914416519182874,0.851872348275226
5430.0,0.9914326409023094,0.8504879396059658
5440.0,0.9914254634679731,0.8498437787171476
5450.0,0.991423717546624,0.8488350761328197
5460.0,0.9914219763050621,0.8481963010437649
5470.0,0.9914166484468474,0.847742643026869
5480.0,0.9914113368933347,0.8476555373107098
5490.0,0.9913899277473567,0.8470224002913859
5500.0,0.9913864599519804,0.8467551354299219
5510.0,0.9913740810366671,0.8464888405008165
5520.0,0.9913590690566692,0.8460423836261547
5530.0,0.991346771578525,0.8452359428674743
5540.0,0.9913433899836642,0.8444324129218552
5550.0,0.9913390938230463,0.8441722212214016
5560.0,0.9913541631990895,0.8446322603848229
5570.0,0.9913630025393322,0.845090647998564
5580.0,0.9913753428137144,0.8453682135817954
5590.0,0.9913849653357806,0.8452870685029512
5600.0,0.9914120270854713,0.8460989109087663
5610.0,0.9914398846302176,0.8470860809124933
5620.0,0.9914580194919919,0.8482476427681908
5630.0,0.9914892232611437,0.8492274906766116
5640.0,0.991511598290638,0.8500265910299593
5650.0,0.9915356513471363,0.851353742700407
5660.0,0.9915631145315943,0.851969616675499
5670.0,0.9915887570543954,0.8529359901251984
5680.0,0.9916091157385514,0.8537229361027988
5690.0,0.9916346126024648,0.8545071164997364
5700.0,0.9916600340592353,0.8558147693387125
5710.0,0.9916784700262772,0.8567676413938015
5720.0,0.9917054756532743,0.8578919769271106
5730.0,0.9917341228431837,0.8591868783807364
5740.0,0.9917695636780521,0.8601288974046334
5750.0,0.9917945998961701,0.861415406016345
5760.0,0.9918195622988227,0.8626974483596598
5770.0,0.9918478736921684,0.8636284872639057
5780.0,0.9918761015568717,0.8645563051375195
5790.0,0.9919042472247904,0.8659989639095148
5800.0,0.99192209141416,0.8670918807102224
5810.0,0.9919483869984269,0.8683531233866805
5820.0,0.9919796984678556,0.8696100326404398
5830.0,0.992010920019931,0.8708626307665923
5840.0,0.99203866488626,0.871939736346516
5850.0,0.9920629488100561,0.8730131601435652
5860.0,0.9920804130146816,0.8739123016550077
5870.0,0.992109621210544,0.8748083801737353
5880.0,0.9921252862805917,0.8760414895425948
5890.0,0.9921661010574854,0.8774401629604481
5900.0,0.9921967363217438,0.8783257075072022
5910.0,0.9922071894499251,0.8797157841312807
5920.0,0.9922443633491631,0.8807633845634183
5930.0,0.992268075622095,0.8813016354746248
5940.0,0.9923033876696348,0.8818380743982495
5950.0,0.9923302774778741,0.8828768274239623
5960.0,0.992355428949361,0.8842476094614997
5970.0,0.9923821679949306,0.8852788477641936
5980.0,0.9924038612261963,0.8861394415649557
5990.0,0.9924238386837415,0.886997162410282
6000.0,0.9924437589491466,0.8883519413431095
6010.0,0.9924718694859708,0.88903676592913
6020.0,0.992485080056604,0.8897193157282843
6030.0,0.9925146959277601,0.8908970320013265
6040.0,0.9925376603132776,0.8920708491971527
6050.0,0.9925638395016655,0.8925797388861345
6060.0,0.9925899449195269,0.8934169278996865
6070.0,0.9926192460895867,0.8942513589194532
6080.0,0.9926484655278003,0.8952474921887847
6090.0,0.9926678262943928,0.8955836480052537
6100.0,0.992690386869987,0.896246516964432
6110.0,0.99271288425912,0.8973981345115366
6120.0,0.9927272085354579,0.8987093612154876
6130.0,0.9927528313469594,0.8998532050236503
6140.0,0.9927783829436553,0.9009933235629376
6150.0,0.9927909434023637,0.9021297350024386
6160.0,0.9928147576936046,0.9026132121408862
6170.0,0.9928304550257044,0.9037433155080213
6180.0,0.9928589720653795,0.9045461899369034
6190.0,0.9928874103335119,0.9053464706832499
6200.0,0.9929141678229407,0.9058216416706982
6210.0,0.9929376502265922,0.9067782965706005
6220.0,0.9929594691495055,0.9080533676257836
6230.0,0.9929828252507886,0.9088428823623816
6240.0,0.9930029294309384,0.9096298670084922
6250.0,0.9930373024167364,0.9105743081107023
6260.0,0.9930604572050804,0.9116754512058777
6270.0,0.9930835492105838,0.9127730824429916
6280.0,0.9931049937737874,0.9140264289125936
6290.0,0.9931200513103654,0.91448100460976
6300.0,0.9931334877383055,0.9157276622758292
6310.0,0.9931421543292923,0.9164950087149422
6320.0,0.9931634014547959,0.9180509413067552
6330.0,0.9931814450883433,0.9186542410361712
6340.0,0.9932057232005918,0.9194133417442044
6350.0,0.9932236622247391,0.9201700519603212
6360.0,0.9932415522223085,0.92108159094482
6370.0,0.9932593945769862,0.9219902684037042
6380.0,0.9932865608749115,0.9225826672935277
6390.0,0.9933074153594116,0.9234861524018151
6400.0,0.9933375590187606,0.9242305889704734
6410.0,0.9933614017707755,0.9243487755420371
6420.0,0.9933789685118172,0.9244665939884753
6430.0,0.9933964886566732,0.9247395428393718
6440.0,0.9934124137315303,0.9251668995497594
6450.0,0.9934422143638122,0.9254379166020772
6460.0,0.9934673036940688,0.9257080947221792
6470.0,0.9934923266173218,0.9261319734198733
6480.0,0.9935157437048288,0.9260916525227588
6490.0,0.9935329477088644,0.9263595747958712
6500.0,0.9935562486622186,0.9266266728195662
6510.0,0.9935794889054882,0.9267393641529719
6520.0,0.993601136800191,0.9271584112866125
6530.0,0.9936273149871018,0.926963711529628
6540.0,0.9936564788544546,0.9270753707384192
6550.0,0.993679467092839,0.9273393375057243
6560.0,0.9936963033582275,0.9276024996189606
6570.0,0.9937130964293749,0.9281692284279409
6580.0,0.9937268082891246,0.9282783771463303
6590.0,0.9937556494185282,0.9282354726141708
6600.0,0.9937844158009291,0.9283441902742009
6610.0,0.9938100830315529,0.9287551051278172
6620.0,0.9938311537415903,0.928711674973569
6630.0,0.993850661372082,0.9289699894435228
6640.0,0.9938731305118665,0.92952868543894
6650.0,0.9938985498209902,0.9291835814163284
6660.0,0.9939178961708262,0.9292898964119501
6670.0,0.9939311936956183,0.9296956977964324
6680.0,0.9939564395467532,0.9299506061966771
6690.0,0.993969654357281,0.9302047526528172
6700.0,0.993984329375652,0.9304581405760334
6710.0,0.9940049329671165,0.9308597824467293
6720.0,0.9940239947392026,0.9311114417497396
6730.0,0.9940430078259472,0.9313623532907443
6740.0,0.9940679145927483,0.9316125203975671
6750.0,0.9940912747956916,0.9318619463783143
6760.0,0.994117538576606,0.9321106345215204
6770.0,0.9941348588009036,0.9322108994240141
6780.0,0.9941477022083347,0.9321633977289485
6790.0,0.9941664153382831,0.9321160359299072
6800.0,0.9941850815722025,0.932362887810616
6810.0,0.994196342458164,0.9327558361474086
6820.0,0.9942090444914976,0.9328544201729951
6830.0,0.9942290532566916,0.9330991070121505
6840.0,0.994247545782482,0.9333430784972957
6850.0,0.9942689195911559,0.9334403736680776
6860.0,0.9942785453936736,0.9333916338726134
6870.0,0.9943056656248173,0.9334885751710086
6880.0,0.9943327178915591,0.9337305624182531
6890.0,0.9943451429912289,0.9338267305180671
6900.0,0.9943633534895873,0.9340675264454427
6910.0,0.9943815184584208,0.9348864129648387
6920.0,0.9944025389243696,0.9349804941482445
6930.0,0.9944177139258474,0.935074303852258
6940.0,0.9944342975323585,0.935311914709696
6950.0,0.9944493959193972,0.9354049777010502
6960.0,0.9944658996047417,0.9354977733084326
6970.0,0.9944809212385229,0.935590302682542
6980.0,0.9944987836456457,0.935825812920785
6990.0,0.9945194760414516,0.9362036904591617
7000.0,0.9945458579908202,0.9365804885016427
7010.0,0.9945607101434615,0.9368135786621025
7020.0,0.9945848092663867,0.9373308645492096
7030.0,0.9946166536800647,0.9388422699473759
7040.0,0.994645566073539,0.9403493821900298
7050.0,0.9946801117184617,0.9418522195433272
7060.0,0.9947188461345181,0.9433508001699475
7070.0,0.9947503767986919,0.9448451421298261
7080.0,0.9947761500756747,0.9456291484253636
7090.0,0.9948124892678277,0.9458468481173319
7100.0,0.9948578872985898,0.9460639346570906
7110.0,0.9949045930286232,0.9461397834341162
7120.0,0.9949441230298361,0.946215419182699
7130.0,0.9949948499935053,0.9464310755854719
7140.0,0.9950384099784921,0.9466461279932783
7150.0,0.9950889061054385,0.9468605789400084
7160.0,0.9951392837961739,0.9469347856444631
7170.0,0.9951895433462521,0.9471482359503556
7180.0,0.9952368799008519,0.9473610917699484
7190.0,0.9952855063388775,0.9474342928660826
7200.0,0.9953326197997868,0.9476461602555201
7210.0,0.9953768285492491,0.9477187630009707
7220.0,0.9954209344265991,0.9477911646586346
7230.0,0.9954760878804035,0.9478633660627852
7240.0,0.9955199767087636,0.9480734705151223
7250.0,0.9955637633635668,0.9481450834367673
7260.0,0.9956074487277848,0.9482164991048065
7270.0,0.995645485311291,0.9482877183331041
7280.0,0.9956917446843572,0.9483587419310534
7290.0,0.995735130046359,0.9484295707036072
7300.0,0.9957811784991539,0.9485002054513081
7310.0,0.9958243607161602,0.9488442073587744
7320.0,0.9958619302811146,0.9489140827755771
7330.0,0.9958994131490493,0.9491201746010094
7340.0,0.9959505599094755,0.9491894837215639
7350.0,0.9960015891530435,0.9492586042715276
7360.0,0.9960387854727976,0.9494633881266132
7370.0,0.9960841159864862,0.949667616334283
7380.0,0.996130711595275,0.9497358081560764
7390.0,0.9961799336638992,0.9498038154512245
7400.0,0.996227678577468,0.9500067558438049
7410.0,0.9962807676477367,0.950344083119687
7420.0,0.9963255663076712,0.9504109958226654
7430.0,0.9963661830563018,0.9504777284349347
7440.0,0.9964080658657997,0.9505442816825695
7450.0,0.9964552808214054,0.9506106562877467
7460.0,0.9965010334108518,0.9506768529687709
7470.0,0.996542622396417,0.9507428724401017
7480.0,0.9964340741155862,0.9498730116294613
7490.0,0.99625960923177,0.9490054732345481
7500.0,0.9960841887421474,0.9477403012931609
7510.0,0.9959145506776031,0.9466116362668087
7520.0,0.9957479849458585,0.9453530115676106
7530.0,0.9955696995472704,0.9440977293852079
7540.0,0.9953998662652087,0.9428457764222252
7550.0,0.9952344348185118,0.9415971394517283
7560.0,0.9950640181150392,0.9404840629546356
7570.0,0.9948886327867823,0.9392418438779554
7580.0,0.9947189816596123,0.9380029019918217
7590.0,0.9945430378745282,0.9368989592939007
7600.0,0.9943741483687687,0.9356663596895145
7610.0,0.9941989798654762,0.9345683878596768
7620.0,0.9940242005858497,0.9334732974675239
7630.0,0.9938524646248302,0.9323810771851657
7640.0,0.9936877392403327,0.9311608428216203
7650.0,0.9936280278056617,0.930074500065351
7660.0,0.9935975561140311,0.9292520558673802
7670.0,0.9935935831562884,0.9286924781645157
7680.0,0.9935896193619727,0.9274834005988803
7690.0,0.9935592962372326,0.9264074892731764
7700.0,0.9935000669590703,0.9253343721594598
7710.0,0.9934383370977362,0.9241343535209441
7720.0,0.9933767421567354,0.9229374433363554
7730.0,0.9933231565690762,0.9217436295433967
7740.0,0.9932605126715657,0.9209404469706757
7750.0,0.9932523391473883,0.9206553993033157
7760.0,0.9932435291730057,0.9203710862002319
7770.0,0.9932373506942033,0.9195727705571999
7780.0,0.993232490468142,0.9187765068757229
7790.0,0.9932315503901437,0.9179822872545245
7800.0,0.9932228029233175,0.9169337264453276
7810.0,0.9932231748834767,0.9157598258865702
7820.0,0.9932177026150162,0.9145889272471551
7830.0,0.9932025133915658,0.9134210190269442
7840.0,0.9931886527193635,0.9122560897844663
7850.0,0.9931127043472712,0.9110941281365431
7860.0,0.9930033088913391,0.9100623330365093
7870.0,0.992899313921424,0.9089061110405285
7880.0,0.9927916739941202,0.907752823245781
7890.0,0.9926816889496061,0.9067291851476366
7900.0,0.9925680802624397,0.9058347044677889
7910.0,0.9924547151493589,0.9046896726077613
7920.0,0.992264565910577,0.9036737785633128
7930.0,0.992049175725956,0.9025343588450384
7940.0,0.9918355271377172,0.9017755950132225
7950.0,0.99161593795803,0.9006414287511005
7960.0,0.9914044850974436,0.8995101117950006
7970.0,0.9911947592007206,0.8983816334211516
7980.0,0.9909829294101559,0.8975065781230422
7990.0,0.9907702764925441,0.8963834313602803
8000.0,0.9905587115499624,0.8955130608673916
8010.0,0.9903418767854199,0.8943952065909374
8020.0,0.9901356559356348,0.8935294851016082
8030.0,0.9899209964332771,0.8925414020669904
8040.0,0.9897169221851563,0.891555776644696
8050.0,0.9895158089489736,0.8906968078499565
8060.0,0.9893719796125212,0.889839970227019
8070.0,0.9893710831462414,0.8896047577747491
8080.0,0.9893638849839671,0.8894938745204801
8090.0,0.989361739227381,0.8895068594734891
8100.0,0.9893633719837441,0.888902604616714
8110.0,0.9893624884083513,0.8887929971643447
8120.0,0.989362861408861,0.8885605221031893
8130.0,0.9893632337318766,0.8883286188660682
8140.0,0.9893661102361485,0.8880972853457806
8150.0,0.9893714821921066,0.8874984664458349
8160.0,0.9893718448040196,0.8873912510721725
8170.0,0.989365965821615,0.8872842981275242
8180.0,0.9893663331300173,0.8869331377582202
8190.0,0.9893642087680509,0.8869490904651447
8200.0,0.9893596011353178,0.8865991952200951
8210.0,0.9893624587833346,0.8861283643892339
8220.0,0.9893615865263959,0.8855370392896241
8230.0,0.989356996292669,0.8853116267768193
8240.0,0.9893524158627675,0.8849654168183473
8250.0,0.9893453701489175,0.8846200460550236
8260.0,0.9893457540826035,0.8842755114392931
8270.0,0.9893436683300565,0.8840527143029864
8280.0,0.9893440531251559,0.8837096968965101
8290.0,0.9893481323822935,0.883246894222651
8300.0,0.9893435901268091,0.882544271774485
8310.0,0.9893415155757831,0.8824449524726267
8320.0,0.9893320783806421,0.8823458718903978
8330.0,0.9893349247563562,0.8823670627775777
8340.0,0.9893279647801878,0.8821484234504257
8350.0,0.9893210189167287,0.8816908154712011
8360.0,0.9893153099895283,0.8813539050352829
8370.0,0.9893157181652675,0.8814956397085175
8380.0,0.9893124658280236,0.881398401145448
8390.0,0.9893104387076843,0.881182219044214
8400.0,0.9892998956335844,0.8808475181526009
8410.0,0.9892954532499515,0.8801569373439544
8420.0,0.9892837325372267,0.8797054981593635
8430.0,0.9892841678260643,0.8794923496619618
8440.0,0.9892858137882439,0.8790427674446155
8450.0,0.9892838248801284,0.8784759200094663
8460.0,0.9892842585206619,0.8781467911594374
8470.0,0.9892846911612385,0.8781725888324873
8480.0,0.9892899498265165,0.8781983256691428
8490.0,0.9892879656401334,0.8777529148510187
8500.0,0.9892787606112082,0.8771909187154452
8510.0,0.9892707767822344,0.8766302432146634
8520.0,0.9892628092034017,0.8760708836990964
8530.0,0.9892596584517162,0.8756300550931896
8540.0,0.9892589121553648,0.8751902587519026
8550.0,0.9892617605544552,0.8748684364401824
8560.0,0.989257424215808,0.8745473659619203
8570.0,0.9892542917810238,0.8743437171858593
8580.0,0.9892535535845358,0.8741405430602494
8590.0,0.989253393911927,0.8737050401583052
8600.0,0.9892596787205593,0.874200674340193
8610.0,0.9892683310093205,0.8738822436418534
8620.0,0.9892745888739279,0.8735645516761397
8630.0,0.9892879604713317,0.8731317344456031
8640.0,0.9893013058992376,0.8728156463372295
8650.0,0.9893122550431596,0.8727314761299272
8660.0,0.9893354942904967,0.8735711811569102
8670.0,0.9893592738693454,0.8741782954676508
8680.0,0.9893830077195971,0.8750143992627577
8690.0,0.9893972531689724,0.875733517431826
8700.0,0.9894161880049993,0.8762211240087346
8710.0,0.9894374425017797,0.8770520032143267
8720.0,0.9894527726986906,0.8775369797041623
8730.0,0.9894715998767118,0.8781353796815943
8740.0,0.9894915654618699,0.8791900240247111
8750.0,0.9895114927534657,0.8796708947548851
8760.0,0.9895290384694817,0.8806072366168246
8770.0,0.9895535751302775,0.8813134192224376
8780.0,0.9895733872068185,0.8823596401321034
8790.0,0.9895966665012247,0.8835172335342965
8800.0,0.9896175672488011,0.8842177025338029
8810.0,0.9896337639000652,0.8846895925547611
8820.0,0.9896569189656049,0.8853871443147036
8830.0,0.9896730484328603,0.8860831162948704
8840.0,0.9896891472028773,0.886890623232666
8850.0,0.9897028929159152,0.8874703423341995
8860.0,0.9897293746263276,0.8883873152014445
8870.0,0.989753488070897,0.8889640401307631
8880.0,0.9897746618392399,0.8897646661412003
8890.0,0.989802157106567,0.8904510178832528
8900.0,0.9898203565288843,0.8909111335804966
8910.0,0.9898350587650667,0.891819099988778
8920.0,0.9898554994600858,0.8925008407129246
8930.0,0.9898747497484873,0.8932930242973911
8940.0,0.9898974168635967,0.8938597472318532
8950.0,0.9899188918806361,0.8943134845268685
8960.0,0.9899414755244956,0.8949893985046312
8970.0,0.9899594267654191,0.8957752758889755
8980.0,0.9899796374449878,0.8962253646587239
8990.0,0.9900021008034873,0.897119341563786
9000.0,0.9900233781469203,0.8977891345406066
9010.0,0.9900434732183853,0.8984574409055599
9020.0,0.9900578220314434,0.8993459705132468
9030.0,0.9900755660617395,0.9001218026796589
9040.0,0.99009783522955,0.9005640968919367
9050.0,0.9901120942391087,0.9014473538835488
9060.0,0.9901308762460794,0.9021079351065003
9070.0,0.9901507596477743,0.9027670598610958
9080.0,0.9901728765613315,0.903204492897258
9090.0,0.9901994882785939,0.9037509624903751
9100.0,0.9902181213848085,0.904076475112625
9110.0,0.9902350227301201,0.9047305454944572
9120.0,0.9902501969369923,0.9053831816686767
9130.0,0.9902676022984515,0.906034388347388
9140.0,0.9902827190202301,0.9067935674433869
9150.0,0.9903023171396257,0.9074418096382909
9160.0,0.9903196268404459,0.9080886366117236
9170.0,0.9903357800015502,0.9087340529931305
9180.0,0.9903575234447967,0.9095959045855572
9190.0,0.9903792270760908,0.9103470786639103
9200.0,0.9903986475596307,0.9109879360939028
9210.0,0.9904247569947916,0.9113017044837695
9220.0,0.9904463404862869,0.911831688537035
9230.0,0.9904768330434307,0.9125771855703607
9240.0,0.9904938605524565,0.9133210691483605
9250.0,0.9905086244692224,0.9137390552372716
9260.0,0.9905300532416214,0.9141561386459346
9270.0,0.9905447579117369,0.9142487326070543
9280.0,0.990563888838733,0.9144488740437453
9290.0,0.9905852092024917,0.9147562156926058
9300.0,0.990609824018215,0.9149553811418127
9310.0,0.9906288446601308,0.9149393190849533
9320.0,0.9906500488415321,0.9152451453706684
9330.0,0.990668999282432,0.9153359768513557
9340.0,0.9906857020425749,0.9154266138529066
9350.0,0.9906979521245519,0.9155170569992515
9360.0,0.9907145986032845,0.9156073069116547
9370.0,0.9907312151124694,0.9155906520115249
9380.0,0.9907522119162159,0.9156806310627865
9390.0,0.9907698667230639,0.9159833883505484
9400.0,0.9907841889006158,0.9160727582172109
9410.0,0.9907984853788215,0.9161619381574753
9420.0,0.9908138543320674,0.9163570746205286
9430.0,0.9908313908953502,0.916551797264341
9440.0,0.9908499924684037,0.9167461074038767
9450.0,0.9908663702776385,0.9170458152576447
9460.0,0.9908838132047058,0.9169221012577952
9470.0,0.9908990387751755,0.917115404920283
9480.0,0.9909196979984124,0.9172028267060437
9490.0,0.9909359561422634,0.9173954272468654
9500.0,0.9909521856050839,0.917482370276813
9510.0,0.9909705644461564,0.9177794133109032
9520.0,0.9909878226577584,0.9178657704022687
9530.0,0.9910061374078604,0.9180568670653656
9540.0,0.9910233338361666,0.9184571847814694
9550.0,0.9910312778838672,0.9187519631452203
9560.0,0.9910538407623873,0.9188369417424955
9570.0,0.9910720323094593,0.919130707345105
9580.0,0.9910837008170321,0.919215113244964
9590.0,0.9911039955685571,0.919507871963299
9600.0,0.9911193954731029,0.9198000208311634
9610.0,0.9911363864852741,0.9197794194152533
9620.0,0.9911544256637999,0.9199667394241763
9630.0,0.9911713564706467,0.9201536704392067
9640.0,0.9911882575180119,0.920340213670781
9650.0,0.9912035168376251,0.9205263703243187
9660.0,0.9912268034735056,0.920608632646724
9670.0,0.9912414667045609,0.9206907248474822
9680.0,0.9912582482222682,0.9209792376820576
9690.0,0.9912771421614663,0.9209575895160458
9700.0,0.9912970732967733,0.9210390681373054
9710.0,0.9913094874195524,0.9212233549582948
9720.0,0.9913240159658654,0.9214072626273018
9730.0,0.9913406528290707,0.9214880279519063
9740.0,0.9913593927725813,0.9214659685863874
9750.0,0.9913706458435129,0.9214439544662086
9760.0,0.9913893272723608,0.9215244339719291
9770.0,0.9914090392949714,0.9217070924163341
9780.0,0.991429779435492,0.9219916163991412
9790.0,0.9914473007980311,0.9220712899601675
9800.0,0.9914669117860961,0.9221508009386797
9810.0,0.9914811938091114,0.9222301498318214
9820.0,0.9915007416780226,0.9223093371347113
9830.0,0.9915160273586376,0.9225918014444106
9840.0,0.991533399501534,0.9227720760085357
9850.0,0.991552852159524,0.9229519845700944
9860.0,0.991569108694332,0.9231315282425717
9870.0,0.9915884974520657,0.9231080944179921
9880.0,0.991604695966227,0.9232871166885943
9890.0,0.9916282264508471,0.9235668789808917
9900.0,0.9916412124421013,0.9238460761539239
9910.0,0.9916625721778889,0.9239229139340127
9920.0,0.9916807499285545,0.9239995968148372
9930.0,0.9917020396597483,0.9240761252643238
9940.0,0.9917180599297238,0.9241524997485162
9950.0,0.9917371899795412,0.9243292131444076
9960.0,0.991754198002951,0.9243047886758358
9970.0,0.9917701332828168,0.924380704041721
9980.0,0.9917881276922567,0.9246568480112213
9990.0,0.9918071336164351,0.9248323491142028
10000.0,0.9918271483673812,0.9248075192480751
10010.0,0.991846089007688,0.9247827389871142
10020.0,0.9918748142566391,0.9257559125835745
10030.0,0.9919081341280488,0.9268268368059017
10040.0,0.9919393238108097,0.9278956279255054
10050.0,0.9919642435132451,0.928962292309223
10060.0,0.9919886042450431,0.9300268362985786
10070.0,0.9920124071158412,0.9310892662099096
10080.0,0.9920351369793864,0.9320503918262077
10090.0,0.9920660907357973,0.9330096125260133
10100.0,0.9920928660507171,0.9331749331749332
10110.0,0.9921175353569678,0.9333399268123825
10120.0,0.9921503471620494,0.9336033988736291
10130.0,0.9921851393064659,0.933668936926266
10140.0,0.9922281003334151,0.9337343457252737
10150.0,0.9922648276584377,0.9337996256526451
10160.0,0.99230149522896,0.9338647770888692
10170.0,0.992332975775707,0.9340281191623243
10180.0,0.9923674789271205,0.9341911403594931
10190.0,0.9924060212149647,0.9344519674222354
10200.0,0.9924434783916918,0.934712283109499
10210.0,0.9924767867771491,0.9347762217216727
10220.0,0.9925090202573221,0.9348400352216025
10230.0,0.9925432421986061,0.934903723976151
10240.0,0.992576389415943,0.9351625817791231
10250.0,0.9926084646643998,0.9353233830845771
10260.0,0.9926425235306876,0.9354838709677419
10270.0,0.9926785610233154,0.9355466848408139
10280.0,0.9927186038816624,0.9356093765197938
10290.0,0.9927484326012976,0.9356719463608979
10300.0,0.9927903829264817,0.9357343947189594
10310.0,0.9928282128886146,0.9359906895548443
10320.0,0.9928573769349824,0.9361495979071796
10330.0,0.9928940806201593,0.936211402574775
10340.0,0.9929317362721927,0.9363697901556909
10350.0,0.9929693317539823,0.936527871703217
10360.0,0.9930109027633641,0.9365891323231348
10370.0,0.9930513994217579,0.9367466975219362
10380.0,0.9930847807806134,0.9368076293228013
10390.0,0.9931241473078095,0.937253392358772
10400.0,0.9931664676426563,0.9373137198346313
10410.0,0.99320168802374,0.9373739314186917
10420.0,0.9932348448271799,0.937434027444583
10430.0,0.9932709577444975,0.9374940082446553
10440.0,0.9933080155695052,0.937841202949909
10450.0,0.993334000544327,0.9379006793608267
10460.0,0.993370948964522,0.9379600420609885
10470.0,0.993405839979982,0.9381147932384681
10480.0,0.9934386782679031,0.938173838374201
10490.0,0.9934754564687184,0.9385187303402917
10500.0,0.993504199842554,0.9386725073802495
10510.0,0.9935428601903877,0.9387308533916849
10520.0,0.9935774781807513,0.9388841364889269
10530.0,0.9936140307242342,0.9390371284778274
10540.0,0.9936485384136345,0.9390949625272744
10550.0,0.9936859703958328,0.9391526869491044
10560.0,0.993722351761065,0.9392103020547297
10570.0,0.9937527285143831,0.9393624065840507
10580.0,0.9937939520692739,0.9394197145827426
10590.0,0.9938192777711147,0.9395713341516382
10600.0,0.9938574176545296,0.9398169983963777
10610.0,0.9938954979541834,0.9399679577796626
10620.0,0.9939295702469726,0.9400244798041616
10630.0,0.9939675345104267,0.9401749600225755
10640.0,0.9940014976481485,0.9402311812799549
10650.0,0.9940393463882821,0.9402872969674209
10660.0,0.9940712332248621,0.9403433073820467
10670.0,0.9941089685219541,0.940399212819792
10680.0,0.9941378053283687,0.9404550135755079
10690.0,0.9941715043925488,0.9408848564212889
10700.0,0.9942022095485373,0.9409400990561629
10710.0,0.9942338467273867,0.9409952385398189
10720.0,0.9942624980450512,0.9413300998041227
10730.0,0.9942979519428478,0.9413847730873172
10740.0,0.9943294415816935,0.941439344567545
10750.0,0.9943667419341944,0.941493814528881
10760.0,0.9943961786769745,0.9415481832543444
10770.0,0.994430444633542,0.9417881348064246
10780.0,0.9944607612396135,0.9418421296725721
10790.0,0.9944618319839383,0.9415253451950699
10800.0,0.9944113550810308,0.9406536431811869
10810.0,0.9943706732937875,0.9398760521690871
10820.0,0.9943251993880936,0.9390998983458091
10830.0,0.9942788252564485,0.9382328501523405
10840.0,0.9942344608130605,0.9373674015312241
10850.0,0.994191133236518,0.9365035480600866
10860.0,0.994167226945578,0.935917502992358
10870.0,0.9941602802067013,0.9353325361052341
10880.0,0.9941567257789816,0.9349324510614834
10890.0,0.9941473843502537,0.9342576439261776
10900.0,0.9941409509946056,0.9334923401522796
10910.0,0.9941162143670957,0.9331866923288424
10920.0,0.9940944043835357,0.9328816042486952
10930.0,0.9940755147370042,0.9323026255603329
10940.0,0.9940451155443464,0.9319075038844713
10950.0,0.9940195661358325,0.9315131038261346
10960.0,0.99399309604677,0.9311194234102728
10970.0,0.9939743396097641,0.9306353112751801
10980.0,0.9939623198091643,0.9302431472543484
10990.0,0.9939541490395786,0.9295787462469293
11000.0,0.9939431203218759,0.9287337514771384
11010.0,0.9939244592285271,0.9278902915266551
11020.0,0.9939106032454509,0.9272298339533618
11030.0,0.9938843588993108,0.9263892666122745
11040.0,0.9938266796195506,0.9257313649125984
11050.0,0.9937424017608047,0.92498416432902
11060.0,0.9936611077068543,0.9243287225386493
11070.0,0.9935770814469403,0.923493812663716
11080.0,0.993497935192423,0.9226604097103149
11090.0,0.9934046585636461,0.921918672797764
11100.0,0.993248873138124,0.9211782722277272
11110.0,0.9930914244852685,0.920439204392044
11120.0,0.9929332642605487,0.9196115457243054
11130.0,0.9927715530572421,0.9189650525559249
11140.0,0.9926157610167667,0.9181402028543219
11150.0,0.9924573656862814,0.9174961886826294
11160.0,0.9923006239742146,0.9167637308484903
11170.0,0.9921464763024037,0.9161221018709158
11180.0,0.9919892573500219,0.9153027457293623
11190.0,0.9918374561874487,0.9144848539004558
11200.0,0.991687764565749,0.9136684224622802
11210.0,0.9915298272035669,0.9128534475069129
11220.0,0.991378705940458,0.9120399251403618
11230.0,0.9912193542660099,0.9113168907488203
11240.0,0.9910602391897184,0.9105951427808914
11250.0,0.9909065190539431,0.9099635587947738
11260.0,0.9907534951833138,0.9091554924074239
11270.0,0.9905978885199227,0.9085263064501818
11280.0,0.9904453194912923,0.9078095913482848
11290.0,0.9903327133588238,0.9072712780090337
11300.0,0.9903300542878214,0.9070878683302362
11310.0,0.9903255319667013,0.9069931924675095
11320.0,0.9903205498717632,0.906633689603392
11330.0,0.9903169731735852,0.9060983143588386
11340.0,0.9903078136852168,0.9059165858389913
11350.0,0.9903005289337494,0.9054708836225883
11360.0,0.9902979044401218,0.9052020068655928
11370.0,0.9902962129148342,0.904845660012312
11380.0,0.9902973091719176,0.9046656708549337
11390.0,0.9902937650844496,0.9043104205074182
11400.0,0.9902902264622867,0.9040435049557056
11410.0,0.9902839141835926,0.9038646919638945
11420.0,0.9902748343372336,0.903598634095088
11430.0,0.9902703920512418,0.9032455603184323
11440.0,0.9902678045416479,0.9032427235381523
11450.0,0.9902596802789271,0.9028032486245743
11460.0,0.9902561812452146,0.9026262978797661
11470.0,0.9902554533239154,0.9024496556533868
11480.0,0.9902538051592297,0.9020991202856894
11490.0,0.9902466362036443,0.9017491950221913
11500.0,0.9902440768242559,0.9015737761933745
11510.0,0.9902415210872777,0.9012249152984102
11520.0,0.9902389690358625,0.9007898619911466
11530.0,0.9902391737773532,0.9007891770011274
11540.0,0.9902329593505859,0.9005285503855819
11550.0,0.9902295027308504,0.9002683750324647
11560.0,0.9902297135656736,0.9000951474785919
11570.0,0.990225349683196,0.8996629504796474
11580.0,0.9902182494572748,0.8994041965287972
11590.0,0.9902184672274357,0.8991458890518506
11600.0,0.9902223358046135,0.8987156279631067
11610.0,0.9902216384005643,0.8984583584531909
11620.0,0.9902209421103902,0.8981154805954737
11630.0,0.9902184253681166,0.8979451465910068
11640.0,0.9902150022410716,0.8974314921398505
11650.0,0.9902152212643375,0.8970903785082825
11660.0,0.9902099885421582,0.8968356058657062
11670.0,0.9902047633465264,0.8964955873532688
11680.0,0.9902013599604205,0.8963273692320863
11690.0,0.9902019828549364,0.89641604653152
11700.0,0.9902039327583055,0.8965045722587813
11710.0,0.9902131211256162,0.8964221671932371
11720.0,0.990218678551153,0.8961692688337173
11730.0,0.990228747155188,0.8956610689625778
11740.0,0.9902315766300175,0.8954944212588366
11750.0,0.9902407192181087,0.895157858905625
11760.0,0.9902498488251524,0.8949919224555735
11770.0,0.990258965642896,0.8944864497493841
11780.0,0.9902689700328599,0.8943213649096002
11790.0,0.9902789603105618,0.8942413705368502
11800.0,0.9902880377366686,0.8941615117362935
11810.0,0.9902935085851118,0.8938277876555754
11820.0,0.9903047331354982,0.8941713898993316
11830.0,0.9903199658464736,0.8947679824190685
11840.0,0.990330695666876,0.8952791149396165
11850.0,0.990348576508619,0.895873765926926
11860.0,0.9903610622499774,0.8961301745215412
11870.0,0.9903824752341795,0.8967231067306882
11880.0,0.9903958144449944,0.8973150408214797
11890.0,0.9904144942581659,0.8978218820957027
11900.0,0.9904242236883827,0.8985799512645997
11910.0,0.9904366151896072,0.8992527915372345
11920.0,0.9904489895777024,0.8995889606576629
11930.0,0.9904626827364216,0.9002598273405414
11940.0,0.9904723528835627,0.9005945900678335
11950.0,0.9904873449997109,0.9010124675759351
11960.0,0.9904987624785718,0.9016804614998746
11970.0,0.9905079443684218,0.9025979450338317
11980.0,0.990522881047311,0.9031800350555046
11990.0,0.9905342508610022,0.9036777583187391
12000.0,0.9905464911287882,0.9043413048912591
12010.0,0.9905551733176317,0.9048372325368412
12020.0,0.9905700365457136,0.9051659595707512
12030.0,0.9905857636727847,0.9057434959687474
12040.0,0.9905979356561903,0.9061539739224317
12050.0,0.9906162705342312,0.9066467513069455
12060.0,0.9906328163193957,0.9072216234143106
12070.0,0.9906453726967742,0.9076298566813022
12080.0,0.9906653996114031,0.9083685125403527
12090.0,0.9906792374903467,0.908775121991564
12100.0,0.9906956955853384,0.9093463350136353
12110.0,0.9907138893082188,0.909916604739493
12120.0,0.9907259100179019,0.9102384291725105
12130.0,0.9907466916235456,0.9109718901986645
12140.0,0.9907577974285554,0.9115394119100568
12150.0,0.9907715175923163,0.9117768084931281
12160.0,0.9907904740408656,0.9123427349724529
12170.0,0.9908041539944134,0.912907731492893
12180.0,0.9908178153808719,0.9135538954108858
12190.0,0.9908332061973132,0.9139529160856369
12200.0,0.9908477031131171,0.914269322186706
12210.0,0.9908613079157695,0.9147489968061584
12220.0,0.9908766383796488,0.9153097127894607
12230.0,0.9908919483497616,0.9159512713596599
12240.0,0.9909020129300949,0.9162650110285108
12250.0,0.9909181554267216,0.9166598645008571
12260.0,0.9909294936171726,0.9171356333088655
12270.0,0.9909421199769349,0.9172846548773531
12280.0,0.9909573345634961,0.9176777135412426
12290.0,0.9909716609907322,0.9179887722723944
12300.0,0.9909877025546882,0.9186245020730022
12310.0,0.9910028561557093,0.9190967427503859
12320.0,0.9910188556396932,0.9194058923788654
12330.0,0.9910374293081478,0.9194712513178169
12340.0,0.9910430087649638,0.9196175350457824
12350.0,0.9910546291324773,0.9199255121042831
12360.0,0.9910705511191873,0.919990292047569
12370.0,0.9910881774205988,0.9201358014711826
12380.0,0.9910980206376606,0.9202003069218965
12390.0,0.9911147435119569,0.9202647082559923
12400.0,0.9911297221307255,0.9201677284089993
12410.0,0.9911429603800279,0.9202320522117476
12420.0,0.9911540315349404,0.9202962724418324
12430.0,0.9911672360425071,0.9204408334003701
12440.0,0.9911829988427406,0.9205047825737481
12450.0,0.9911970249120841,0.9207292586940808
12460.0,0.9912093176604537,0.9210336249097183
12470.0,0.9912258779493923,0.9212573169753829
12480.0,0.9912432725120349,0.9213204070186684
12490.0,0.991255510968105,0.9213833960451525
12500.0,0.9912673058085797,0.9216062714982801
12510.0,0.9912816481681436,0.921748861002318
12520.0,0.9912989598592712,0.9218113569203737
12530.0,0.9913162488034669,0.921873753092331
12540.0,0.991326694506186,0.9219360497567977
12550.0,0.9913422383043135,0.922077922077922
12560.0,0.9913543562641747,0.9222195685056922
12570.0,0.991369861483133,0.9222814414127755
12580.0,0.9913844963357169,0.9223432159605754
12590.0,0.9914016608557599,0.9224843141926773
12600.0,0.9914111619050183,0.9225458296960559
12610.0,0.9914265892562023,0.9226865434937753
12620.0,0.9914419964639003,0.9228270343078996
12630.0,0.9914531475738881,0.9230464729633442
12640.0,0.991466824000635,0.923107349102128
12650.0,0.9914770984580159,0.9231681290016599
12660.0,0.9914907413665246,0.9233077955927652
12670.0,0.9915052116184022,0.9234472417330913
12680.0,0.9915188185155764,0.923507609809952
12690.0,0.9915357826405802,0.9235678827515562
12700.0,0.991549352226184,0.9237855286985277
12710.0,0.9915595340577924,0.9238454881598616
12720.0,0.9915713866755731,0.9239839635248801
12730.0,0.9915798583604875,0.924122221349462
12740.0,0.9915916822636948,0.92418177537085
12750.0,0.9916009701642328,0.9243196612030429
12760.0,0.9916152840088964,0.9243789671655827
12770.0,0.9916270622251127,0.9245164826560175
12780.0,0.9916421793139638,0.9246537829590799
12790.0,0.9916547629336232,0.9246345086388867
12800.0,0.991666493069806,0.9246152644324662
12810.0,0.9916798816912393,0.9246741081882757
12820.0,0.991693253100446,0.9250448482957647
12830.0,0.9917124567442861,0.9251032655287974
12840.0,0.9917216148974968,0.925317342886068
12850.0,0.9917315958545844,0.9254532721189013
12860.0,0.9917432318948369,0.9255112355182334
12870.0,0.9917627698352927,0.9254914148084842
12880.0,0.9917752041202794,0.9257045260461144
12890.0,0.9917884546362233,0.925839733147157
12900.0,0.9917991932585822,0.9259747306410355
12910.0,0.9918107491700351,0.9261095190147935
12920.0,0.9918256124003719,0.9262440987539664
12930.0,0.9918396267552129,0.9261464697239192
12940.0,0.9918527937856717,0.926126265358164
12950.0,0.9918692594251887,0.9261833063083932
12960.0,0.9918890171943063,0.9266260319419798
12970.0,0.9918971617744865,0.9267596947035694
12980.0,0.9919057096264182,0.9268161158616439
12990.0,0.9919179661900496,0.9269494265260565
13000.0,0.9919310332373684,0.9270825321129144
13010.0,0.9919399562819396,0.9272154330950734
13020.0,0.9919513428889185,0.9272713309269641
13030.0,0.9919717830257665,0.927403883048116
13040.0,0.9919856067489276,0.9273061881757534
13050.0,0.9919969430995097,0.9273618879779327
13060.0,0.9920066197743379,0.9275706301202052
13070.0,0.992020395005487,0.9277025476245123
13080.0,0.9920353850953123,0.9278342634355171
13090.0,0.9920433775035026,0.9278893896570163
13100.0,0.9920612056278185,0.9279444317227693
13110.0,0.9920732717796648,0.9281519334909618
13120.0,0.9920902389926968,0.9284353326728145
13130.0,0.9921039094429722,0.9286421445434468
13140.0,0.9921159262154752,0.9288486416558862
13150.0,0.9921246569219406,0.9290548247281576
13160.0,0.992137462726264,0.9290327482714079
13170.0,0.9921469857595959,0.9293903272340749
13180.0,0.9921630256941557,0.929368029739777
13190.0,0.9921765988450828,0.9294973845803958
13200.0,0.9921885247497225,0.9296265434436785
13210.0,0.9922020649725495,0.9296798122776474
13220.0,0.9922172159439417,0.9298086377732395
13230.0,0.9922258409112548,0.9297861083818305
13240.0,0.9922381033740788,0.9301412280039272
13250.0,0.9922608603864267,0.9309486076522526
13260.0,0.9922896745461621,0.9316039514365433
13270.0,0.9923135857614208,0.9323336598598447
13280.0,0.9923309816779782,0.933137564942399
13290.0,0.9923524071061166,0.9338650214430818
13300.0,0.9923729966548787,0.9346665664235771
13310.0,0.9923919426205879,0.9354669070693411
13320.0,0.9924124825233356,0.9362660460926356
13330.0,0.9924321890594912,0.9370639861975846
13340.0,0.9924518714871189,0.9372610748819429
13350.0,0.9924739508213088,0.9373829675679725
13360.0,0.9924911643319214,0.9375046777935784
13370.0,0.9925091626223206,0.9377009946900008
13380.0,0.9925271390827538,0.9378222853299455
13390.0,0.9925494995608652,0.9383167799268165
13400.0,0.9925798410800802,0.9384374300425341
13410.0,0.9926041140060065,0.9384833345760942
13420.0,0.9926327761867014,0.9385291707026302
13430.0,0.9926610026635332,0.9385749385749386
13440.0,0.9926875903786996,0.9386206383453612
13450.0,0.9927157497671928,0.938666270165787
13460.0,0.9927438753956649,0.9387118341876532
13470.0,0.9927695649525908,0.9389057976393734
13480.0,0.9928016259762354,0.9390994733328388
13490.0,0.9928276502687237,0.9392928619079386
13500.0,0.9928580395893556,0.9393378268276424
13510.0,0.9928867949034511,0.939530752720006
13520.0,0.9929115245642002,0.9396494342134457
13530.0,0.9929362246155925,0.9396940359175228
13540.0,0.9929656787320542,0.9398124215345987
13550.0,0.9929903171903598,0.9399306324256512
13560.0,0.9930189075419489,0.9399749281026473
13570.0,0.9930466681555675,0.9400928450372117
13580.0,0.9930728051920756,0.9401369560415286
13590.0,0.9931028846673456,0.9402545802369215
13600.0,0.9931329283975737,0.9403720314682744
13610.0,0.9931565867504013,0.9404893101168172
13620.0,0.9931825967658008,0.9406064165626606
13630.0,0.9932117466518132,0.9406499889956716
13640.0,0.9932384853124738,0.9406934975441683
13650.0,0.9932667756693542,0.9407369423485459
13660.0,0.9932942412173562,0.9407803235487885
13670.0,0.9933232557126037,0.940896788823056
13680.0,0.9933553967641063,0.9410130838389007
13690.0,0.9933768386587931,0.941129208969396
13700.0,0.9934049636454425,0.9411721772133421
13710.0,0.9934377877305312,0.9412150827802495
13720.0,0.9934650553673678,0.941257925807157
13730.0,0.9934891401060856,0.9413007064307043
13740.0,0.9935131963397699,0.9414889746015573
13750.0,0.9935387977800785,0.9416769689477129
13760.0,0.9935651553694952,0.9418646900661289
13770.0,0.9935954106789361,0.9419069058165711
13780.0,0.9936248451598333,0.9419490603004136
13790.0,0.9936511059817321,0.9420636647088682
13800.0,0.9936796888453892,0.9421056445185132
13810.0,0.9937027515757794,0.9422199695894576
13820.0,0.9937312704486688,0.9424064828883583
13830.0,0.9937581903124211,0.94252042513195
13840.0,0.9937803846290653,0.9425619536160682
13850.0,0.9938041165287217,0.9427478160421631
13860.0,0.9938317275223247,0.9427891205540726
13870.0,0.993853840189225,0.9429024583663759
13880.0,0.9938845112879765,0.9429435919602334
13890.0,0.9939073474738219,0.9429846663307178
13900.0,0.9939363924584077,0.9430256816056399
13910.0,0.9939630667071352,0.9431385234706348
13920.0,0.9939850391759384,0.9432512032181596
13930.0,0.9940139878185857,0.9432919388414328
13940.0,0.9940413477525153,0.9433326160246754
13950.0,0.9940678988769117,0.9433732348935561
13960.0,0.99409441905617,0.9435570517871212
13970.0,0.9941216845632418,0.943669028702312
13980.0,0.9941489184629407,0.9437093197911451
13990.0,0.9941753456112041,0.943821027803588
14000.0,0.9942017421114722,0.9438611527748018
14010.0,0.9942296563565282,0.943901220469631
14020.0,0.9942528964310876,0.944155195777762
14030.0,0.994281521735246,0.9441949967928159
14040.0,0.9943054777203914,0.9442347411153051
14050.0,0.9943301783022173,0.9442744288662729
14060.0,0.9943509915421305,0.9443140601664177
14070.0,0.9943802648879333,0.9444957714448156
14080.0,0.9944033379692357,0.9445351892621263
14090.0,0.9944317767760178,0.9446455184160102
14100.0,0.9944594129980907,0.9448266080419828
14110.0,0.9944824010545462,0.9449365743037347
14120.0,0.9945115139682166,0.9449755683025282
14130.0,0.994533677425118,0.9450145071120232
14140.0,0.9945588873835439,0.9450533908493034
14150.0,0.9945809982844261,0.9452335523991238
14160.0,0.9946069190322286,0.9453428430195607
14170.0,0.9946324266544457,0.9455931126949404
14180.0,0.9946575220750545,0.945631478739158
14190.0,0.9946833544343817,0.9458107251074624
14200.0,0.9947038009709173,0.9458488838814167
14210.0,0.9947295771099126,0.9460277250017592
14220.0,0.9947308685650993,0.9457844033471626
14230.0,0.9946939695728458,0.9451900779987351
14240.0,0.9946594025697388,0.9445965873183063
14250.0,0.9946214422415003,0.9440039295488036
14260.0,0.994587718263869,0.9433419816282168
14270.0,0.9945464136867388,0.9427510335645715
14280.0,0.9945268572966793,0.942511028639451
14290.0,0.9945160748407286,0.9426212301448464
14300.0,0.9945144311885681,0.9421019509125236
14310.0,0.9945120293501979,0.9417930263433723
14320.0,0.9945088705070618,0.9414845332029886
14330.0,0.9944996420702467,0.9413160281906356
14340.0,0.9944908033780558,0.9411477581758594
14350.0,0.9944838704420559,0.9407009964462407
14360.0,0.9944769452717936,0.9403941229719379
14370.0,0.9944768438178399,0.9400180919908149
14380.0,0.9944729582350418,0.9395035115777762
14390.0,0.9944668077950616,0.9389201584323535
14400.0,0.9944183310914573,0.9382681758211235
14410.0,0.9943510211966163,0.937755880924294
14420.0,0.9942868073403915,0.9371749531932598
14430.0,0.9942219113864089,0.9365948305730719
14440.0,0.9941585970925876,0.9360155113911779
14450.0,0.9940881940993522,0.9354369939796554
14460.0,0.9940242728647232,0.9349284281861558
14470.0,0.9939562832877025,0.9343514615437772
14480.0,0.99389062719974,0.9337752917616187
14490.0,0.9938539926137556,0.9332689255399903
14500.0,0.9938143935637049,0.9326942969450382
14510.0,0.9937778429162627,0.9321204603404314
14520.0,0.9936602753120393,0.9317540114317195
14530.0,0.9935405890538379,0.9311816117266534
14540.0,0.9934180383590917,0.9307475414345643
14550.0,0.9932941266247713,0.9301078963645111
14560.0,0.9931696048148433,0.9295378064693359
14570.0,0.9930474674254745,0.9289684990735022
14580.0,0.9929224751539478,0.9285371373705508
14590.0,0.9927946329575699,0.9279007607429237
14600.0,0.9926691745657855,0.9273337442640915
14610.0,0.9925419897739025,0.926699062350284
14620.0,0.9924183043370901,0.926133643389645
14630.0,0.9922928927468146,0.9255689973344269
14640.0,0.9921679936298027,0.9252100266375247
14650.0,0.992043978326038,0.9245785270629991
14660.0,0.9919327541828119,0.924016097128436
14670.0,0.9918714938473745,0.9235907572762593
14680.0,0.9918117884427226,0.9229616511136843
14690.0,0.9917506633219219,0.9223334014022191
14700.0,0.9916836656600391,0.9217740289776206
14710.0,0.9916508793525546,0.9214193460675685
14720.0,0.9916485389019044,0.9212689355342708
14730.0,0.9916476462447639,0.9210508451564727
14740.0,0.9916496931587041,0.9211044026863849
14750.0,0.9916517377739316,0.9208867195444377
14760.0,0.9916530402404765,0.9207370774337782
14770.0,0.9916580390022416,0.9205199377157944
14780.0,0.9916622931200357,0.9202354373858331
14790.0,0.9916676506207537,0.9199513217497126
14800.0,0.9916619287911798,0.9195324640227012
14810.0,0.9916683870869751,0.9194517588278982
14820.0,0.9916674644884245,0.9192362188786182
14830.0,0.9916717016070582,0.9187512642438136
14840.0,0.9916774071802111,0.9185364867596523
14850.0,0.9916845787438354,0.9185240051175005
14860.0,0.9916887998523112,0.9182423793822757
14870.0,0.991699244627777,0.918028377378791
14880.0,0.9917136802014818,0.9186210604126067
14890.0,0.9917288346991724,0.9192129474179034
14900.0,0.9917381010380365,0.9196027112274344
14910.0,0.9917473574289875,0.9200590168332103
14920.0,0.9917617361689883,0.9205147108102674
14930.0,0.9917724357934943,0.9209028196369968
14940.0,0.9917787299421822,0.9211565490930995
14950.0,0.991790140994268,0.9216774797672397
14960.0,0.9917986137547585,0.9221308736047056
14970.0,0.9918100019592877,0.922383274330372
14980.0,0.9918199167370461,0.9229023429677592
14990.0,0.9918342025071921,0.9232205990260823
15000.0,0.9918455536783239,0.9234717685487634
15010.0,0.9918561633867634,0.9235893677969489
15020.0,0.9918682198733448,0.9237733839291659
15030.0,0.9918802636343209,0.9239571552125607
15040.0,0.9918915663234846,0.9240741971943355
15050.0,0.9919057683405775,0.924191083648927
15060.0,0.9919177731181472,0.9243078148861298
15070.0,0.9919297652187462,0.9243580386172119
15080.0,0.9919402915964561,0.9244745043432133
15090.0,0.991952985134486,0.9246570803790338
15100.0,0.9919620366416719,0.9249056353883849
15110.0,0.9919783319754032,0.9248891535967176
15120.0,0.9919880857877786,0.9249388267971695
15130.0,0.9919985538208262,0.9251867027955852
15140.0,0.9920075624822218,0.925302159698831
15150.0,0.992018009211091,0.9254174641937826
15160.0,0.9920335080319499,0.9256645340017149
15170.0,0.9920460989604912,0.9256476171643266
15180.0,0.9920536191353375,0.9257624662406956
15190.0,0.9920669081470365,0.9256796787571588
15200.0,0.9920772964395308,0.9258601407802118
15210.0,0.9920855100436431,0.9259746236276379
15220.0,0.992092633658389,0.9260889560475659
15230.0,0.9921029919831438,0.9261374827654126
15240.0,0.9921169398657809,0.9260547208188439
15250.0,0.992133032218824,0.9261032063471247
15260.0,0.9921411956315508,0.9262826813446039
15270.0,0.9921551015683959,0.926396437692358
15280.0,0.9921679152343343,0.9264446044107061
15290.0,0.9921789202657678,0.9264927081289648
15300.0,0.9921884785685492,0.9268675249983661
15310.0,0.9921980268311607,0.9269806021814382
15320.0,0.9922075651135747,0.9269629919718034
15330.0,0.9922185264339927,0.9270758593699041
15340.0,0.9922273280632921,0.9270582100254221
15350.0,0.9922382676099367,0.9271057260113348
15360.0,0.9922484805306893,0.927283379988282
15370.0,0.9922572530088147,0.9273306876585778
15380.0,0.9922674454419991,0.9275079643716273
15390.0,0.9922794126163911,0.9275550646481711
15400.0,0.9922924378527326,0.9276021037594961
15410.0,0.9923018830162943,0.9275841931088183
15420.0,0.9923141700013649,0.9276311523247519
15430.0,0.9923186064166234,0.9276132460631197
15440.0,0.9923294474677672,0.9276601256395312
15450.0,0.9923388537400393,0.927836385994434
15460.0,0.9923461163170942,0.9278183817346872
15470.0,0.992358348126875,0.9279296748755737
15480.0,0.9923648827323244,0.92797622892578
15490.0,0.9923721208497815,0.9281518300948938
15500.0,0.9923811257256991,0.9281336687955616
15510.0,0.9923926043371898,0.9281800012894075
15520.0,0.9924019440732617,0.9281618452419302
15530.0,0.9924148173255392,0.9282724872834975
15540.0,0.992426260901378,0.9284473328614632
15550.0,0.992437692740766,0.9285576490257861
15560.0,0.9924455754774697,0.9286035601825076
15570.0,0.9924548641741155,0.9285851904180848
15580.0,0.9924655566922399,0.9286952056992491
15590.0,0.992476238182177,0.9286768007183631
15600.0,0.992489026525279,0.9288507146977758
15610.0,0.9924989796900389,0.9288962910768048
15620.0,0.9925082173739953,0.9290698418795211
15630.0,0.9925185027394117,0.9291152197556138
15640.0,0.9925234949861614,0.9292884086695224
15650.0,0.9925327059273723,0.9293974825889719
15660.0,0.9925454254435732,0.9295064172147373
15670.0,0.9925588351992587,0.929870461361751
15680.0,0.9925680142655376,0.9298514125374657
15690.0,0.9925806961894391,0.9300235803964055
15700.0,0.992589854774768,0.9300681485255716
15710.0,0.9925976006754083,0.9300490102475972
15720.0,0.9926060399956841,0.9301571146873608
15730.0,0.9926193771325836,0.9302650816858432
15740.0,0.9926284974444056,0.930372911504987
15750.0,0.9926355079811893,0.9304806044060695
15760.0,0.9926474099420945,0.930588160649705
15770.0,0.992660698553015,0.9307589880159787
15780.0,0.9926725756547438,0.9308028642037893
15790.0,0.9926823447211374,0.9309100120321703
15800.0,0.9926921038797936,0.9309537371052465
15810.0,0.9927011553195888,0.9309974068686357
15820.0,0.9927171727110345,0.9311042285569813
15830.0,0.9927303852778178,0.9312740824963679
15840.0,0.9927414941623457,0.9314437219872482
15850.0,0.9927546809875115,0.9316131474354931
15860.0,0.9927622862288298,0.9317193115188197
15870.0,0.9927705795025358,0.9318253418184109
15880.0,0.9927802548745595,0.9318053019331276
15890.0,0.9927906154255293,0.9318482159713045
15900.0,0.992798881929308,0.931891076032954
15910.0,0.9928078343384232,0.9321852806234681
15920.0,0.9928188590341221,0.9322278751334715
15930.0,0.9928298726178013,0.9323331868683699
15940.0,0.9928391424444126,0.9324383664763817
15950.0,0.9928473640116993,0.9324807222117736
15960.0,0.9928611156094908,0.9325230248731282
15970.0,0.9928720857363619,0.9326905015340304
15980.0,0.9928844278516088,0.9329203429072023
15990.0,0.9928946840465546,0.9330248264648865
16000.0,0.9929042391435381,0.9331291794262858
16010.0,0.9929137847140558,0.9333583161576416
16020.0,0.9929260711710327,0.9338368391486175
16030.0,0.9929438337871037,0.9343771442829518
16040.0,0.9929622585679918,0.9350414562683125
16050.0,0.9929772202043013,0.9357049405021494
16060.0,0.992996298821424,0.9363053359068552
16070.0,0.9930167351207508,0.9369049841329102
16080.0,0.9930302722006477,0.9375660717617064
16090.0,0.993048608790335,0.9382263377043067
16100.0,0.993063834952321,0.9388857834917086
16110.0,0.9930828237216378,0.9395444106511079
16120.0,0.9930969885056437,0.9402022207059115
16130.0,0.9931159421856587,0.940363275680367
16140.0,0.9931314483905445,0.9404002230345084
16150.0,0.9931462541035085,0.940560955977958
16160.0,0.9931607026586969,0.9406596126477322
16170.0,0.993174794680921,0.9407581473007235
16180.0,0.993189557287028,0.9408565601631543
16190.0,0.9932063572592064,0.940954851460688
16200.0,0.9932295955726603,0.9409912968335288
16210.0,0.993249046615348,0.9411510702609339
16220.0,0.9932736006441002,0.941310646692559
16230.0,0.9932957420260227,0.9414084159940854
16240.0,0.9933233196563399,0.9414444923342159
16250.0,0.9933467796331997,0.9414805242754292
16260.0,0.9933661280700666,0.9415165118996371
16270.0,0.9933909070439425,0.941798291438756
16280.0,0.9934129389197215,0.942079724832627
16290.0,0.9934349497197182,0.9421766619605917
16300.0,0.9934548991011208,0.9422734801545918
16310.0,0.9934761887339426,0.9423701796333762
16320.0,0.9934988167793093,0.9425280313706268
16330.0,0.9935248183627492,0.9426856897924193
16340.0,0.9935501163081978,0.9429043510189095
16350.0,0.9935713198515773,0.9429392697694331
16360.0,0.9935938590593579,0.9430352667929833
16370.0,0.9936173932376198,0.9431311465396127
16380.0,0.993641243510537,0.9431658628899334
16390.0,0.9936616861517991,0.9432615459703496
16400.0,0.9936834625577179,0.9433571123711969
16410.0,0.9937058943722137,0.9433916275668759
16420.0,0.9937289806276874,0.943486998355764
16430.0,0.9937506937656392,0.9436431136266813
16440.0,0.9937730614711843,0.9437382154370172
16450.0,0.9937967575788692,0.9437724150507568
16460.0,0.9938197565539199,0.9439280724135837
16470.0,0.9938447562907162,0.9441442535365188
16480.0,0.9938717539793374,0.9442388204599236
16490.0,0.9938953581699485,0.9443332726941969
16500.0,0.9939155738687202,0.9444276104478516
16510.0,0.9939398076069967,0.9444612682454121
16520.0,0.9939599832145783,0.944555414321167
16530.0,0.9939835005184352,0.9447099389026677
16540.0,0.9940076673736111,0.9448038208088991
16550.0,0.9940297968473513,0.944837169959519
16560.0,0.9940485493907226,0.9448704788358191
16570.0,0.9940706383312885,0.9449037475107115
16580.0,0.9940923711682943,0.9449972860502985
16590.0,0.9941137482605661,0.945090711831716
16600.0,0.9941330957596511,0.9451237877236311
16610.0,0.9941551028395771,0.9451568237914635
16620.0,0.9941757507944337,0.9452499849587871
16630.0,0.9942030672698531,0.9454031627683243
16640.0,0.9942243417898537,0.9454960639384652
16650.0,0.9942509412448848,0.9457089664284427
16660.0,0.9942735088726351,0.9457415521277234
16670.0,0.9942987250318818,0.945774098734329
16680.0,0.9943232503231095,0.9458665547629039
16690.0,0.9943424182312371,0.9458989874782817
16700.0,0.9943622346293599,0.9459912580085025
16710.0,0.9943807000721407,0.9460235772844234
16720.0,0.9944031428660803,0.9461156629388194
16730.0,0.9944268954458954,0.9463271770964079
16740.0,0.9944499606328973,0.9463592377994147
16750.0,0.994474666099678,0.9463912602232702
16760.0,0.9944996805958618,0.9464829067478074
16770.0,0.994523343365641,0.9466340707173097
16780.0,0.9945446607708958,0.9467254633216138
16790.0,0.9945642994743153,0.9468763027812519
16800.0,0.9945812672942406,0.9470269626807928
16810.0,0.9946008704452757,0.9471179584795669
16820.0,0.9946244300018522,0.9471493965875988
16830.0,0.9946446568529522,0.9473590398669123
16840.0,0.9946681738512146,0.9473902974882726
16850.0,0.9946896844690852,0.9474808616699306
16860.0,0.9947105139125023,0.9475713184271396
16870.0,0.9947293414100116,0.9477802145693794
16880.0,0.9947488118370734,0.9479296250222143
16890.0,0.994770244535667,0.9481380616896572
16900.0,0.9947890179612047,0.9481687474113958
16910.0,0.9948117310276434,0.948199396842292
16920.0,0.9948317862222811,0.9483482063707819
16930.0,0.9948498461289521,0.948437776859016
16940.0,0.9948738160175215,0.9485272416032111
16950.0,0.9948944726123533,0.948557607220813
16960.0,0.9949164257740252,0.948646895819822
16970.0,0.9949377009900939,0.9489717753815332
16980.0,0.994963557097336,0.9491196042635888
16990.0,0.9949828202363337,0.9492084044494143
17000.0,0.9950060048892314,0.9492971001705782
17010.0,0.9950239179907178,0.949444477103051
17020.0,0.9950483739099678,0.949591680864814
17030.0,0.9950655954190972,0.949856144677353
17040.0,0.9950913197306815,0.9500616161023414
17050.0,0.9951104706082854,0.9500909037593103
17060.0,0.9951302584422161,0.9501787702948244
17070.0,0.9951532996237877,0.9502079550114229
17080.0,0.9951730494479935,0.9502956501375798
17090.0,0.9951947421286769,0.9505587736235446
17100.0,0.9952111879550828,0.9505876849307058
17110.0,0.9952334959626822,0.9506165624452106
17120.0,0.9952505617184282,0.9508206296361194
17130.0,0.995276092779893,0.9509077111668904
17140.0,0.9952973618792413,0.9509946910915349
17150.0,0.9953205667533762,0.9510232639496239
17160.0,0.9953147614616629,0.9508187168579919
17170.0,0.995312217037302,0.950556170287112
17180.0,0.9953129289668,0.9503521331703626
17190.0,0.9953071354701475,0.949973823512303
17200.0,0.9953039479337144,0.9498284983431196
17210.0,0.995298163964505,0.9495090349195282
17220.0,0.9952917357254828,0.9492480111491783
17230.0,0.9952840150159761,0.9490453252858221
17240.0,0.9952490483198579,0.9487268719911838
17250.0,0.9951940074073532,0.9482928525882558
17260.0,0.9951390136746916,0.9478014020045189
17270.0,0.9950885882951631,0.947252619998842
17280.0,0.9950378735450456,0.9468202071639372
17290.0,0.9949881754891464,0.9463304609334335
17300.0,0.9949365811323755,0.9458412808508179
17310.0,0.994843644298055,0.9453526659349547
17320.0,0.9947414182737152,0.944922348594192
17330.0,0.9946376689304082,0.9445502279152963
17340.0,0.9945346585501138,0.9440632028141399
17350.0,0.9944330316008545,0.9436920062244251
17360.0,0.9943282701791597,0.9433212372559184
17370.0,0.9942313408625151,0.9428357607506764
17380.0,0.9941293422288304,0.9424083769633508
17390.0,0.9940242137737337,0.9420389856822494
17400.0,0.993925618766539,0.9414976150795932
17410.0,0.9938258249105232,0.9409568663488599
17420.0,0.993719043934246,0.9405315423913667
17430.0,0.9936178239821362,0.9401640754976766
17440.0,0.9935610405381292,0.939682357662978
17450.0,0.9935155331491206,0.9391438886023724
17460.0,0.9934719756221082,0.9388351182635588
17470.0,0.9934294108509651,0.9386411768072807
17480.0,0.9933878458195105,0.9381042274469424
17490.0,0.9933604232060883,0.9377394088388314
17500.0,0.9933426381788862,0.9372607279584024
17510.0,0.9933248688322373,0.9368397007595226
17520.0,0.9933135179064464,0.9364762285257691
17530.0,0.9932938570852083,0.9359420455193657
17540.0,0.9932748531912746,0.9354654808733823
17550.0,0.9932644977177966,0.9351034129109452
17560.0,0.9932512753904875,0.9347417573031148
17570.0,0.9932342319982181,0.9343805133458539
17580.0,0.9932165649949689,0.9338490415789773
17590.0,0.9931976370390305,0.9333750213177193
17600.0,0.9931780877167157,0.9329015396852451
17610.0,0.9931760892481695,0.9327125092271875
17620.0,0.9931842896297226,0.9328074456614267
17630.0,0.9931921643267012,0.9329589926833418
17640.0,0.9931974853256678,0.9331670540218808
17650.0,0.9932072566251579,0.9333182255962835
17660.0,0.9932160651353477,0.9333559821074684
17670.0,0.9932226406469359,0.9336200554580952
17680.0,0.9932342946217668,0.9338272722131101
17690.0,0.9932402213529506,0.9338646769543836
17700.0,0.993249000209592,0.934015027399582
17710.0,0.9932593579859629,0.9341087459770764
17720.0,0.993268438019094,0.9344845099035043
17730.0,0.9932781441893123,0.9345778579888331
17740.0,0.99328847574669,0.9347838340567048
17750.0,0.993297531318658,0.9349332431975663
17760.0,0.993307845424361,0.9350261809582794
17770.0,0.9933156190652022,0.9352315570311182
17780.0,0.9933271815300778,0.9355491817108149
17790.0,0.9933399985384084,0.9356978247428475
17800.0,0.9933483803437745,0.9359586540082018
17810.0,0.9933564391446533,0.9361630453090787
17820.0,0.9933654380434389,0.9363672072274283
17830.0,0.9933763226070635,0.9365150580449778
17840.0,0.9933853051630287,0.9367187937895858
17850.0,0.9933968021625029,0.9367542434597501
17860.0,0.9934051380114961,0.9367896534348581
17870.0,0.9934153564636664,0.9368809803592413
17880.0,0.993426825547218,0.9371399809854035
17890.0,0.9934310467646832,0.9371192219551729
17900.0,0.9934424989364015,0.9372102117200156
17910.0,0.9934539412160389,0.9373010998827536
17920.0,0.9934641166372445,0.9372802856983428
17930.0,0.9934689433439248,0.9373152640678155
17940.0,0.9934772196024906,0.9375174182041135
17950.0,0.9934879992704063,0.9376636399086402
17960.0,0.9934981423495042,0.937754022604532
17970.0,0.9935057683678848,0.9378999499193145
17980.0,0.9935133878527899,0.9379344864023136
17990.0,0.9935247598866364,0.9382469012283919
18000.0,0.993535495888973,0.9383923115382479
18010.0,0.9935430930674661,0.9387041252567875
18020.0,0.9935525606275084,0.9387381388380223
18030.0,0.9935620200732458,0.939049414896567
18040.0,0.9935692836928945,0.9390831993791918
18050.0,0.9935793526059176,0.9392277436153121
18060.0,0.9935887883727215,0.9394828636288135
18070.0,0.9935988402831688,0.9395163521664546
18080.0,0.9936073237619409,0.9397157236878492
18090.0,0.9936223483618831,0.9398043225913437
18100.0,0.9936295679878557,0.939892823600906
18110.0,0.9936389622898177,0.9399260118160234
18120.0,0.9936502170035642,0.9399591634015783
18130.0,0.9936639521283092,0.9400474325740444
18140.0,0.9936736310810096,0.940300975690425
18150.0,0.9936798810279502,0.9404440526692744
18160.0,0.9936879906553742,0.940476845988657
18170.0,0.9936967147287259,0.9406747014473612
18180.0,0.9937060524255436,0.9408723392552665
18190.0,0.993716003064087,0.9409598152932769
18200.0,0.9937265657654386,0.9410471952090544
18210.0,0.9937346384864443,0.9412443028938554
18220.0,0.9937439443049086,0.9413314307666978
18230.0,0.9937495239552422,0.9414733146837804
18240.0,0.9937634320778802,0.9418891508141001
18250.0,0.9937804146751815,0.9423593227768341
18260.0,0.9937924321739432,0.9428837413066097
18270.0,0.9938072232498677,0.9434623173334793
18280.0,0.9938213836492235,0.9440402603796291
18290.0,0.9938336781310626,0.9445082280903176
18300.0,0.9938478156659044,0.9447024752745752
18310.0,0.9938600889206914,0.9447326743487521
18320.0,0.9938729691291204,0.9450357513236177
18330.0,0.9938870725311029,0.9451202880366593
18340.0,0.9939014725351454,0.9452047325663814
18350.0,0.9939167852163617,0.9452890850634843
18360.0,0.9939302367556555,0.945427808942868
18370.0,0.9939439831850924,0.945566381797398
18380.0,0.9939617027259352,0.9458136118818345
18390.0,0.9939824656882422,0.9461149475286825
18400.0,0.994005671854135,0.9463072659094615
18410.0,0.9940288590049777,0.9464450600184672
18420.0,0.9940477256286514,0.9466912762607893
18430.0,0.9940696480803991,0.9468287124952526
18440.0,0.9940940085026554,0.9470744536630334
18450.0,0.9941146668171031,0.9473199284591621
18460.0,0.9941374552490277,0.9475109690699312
18470.0,0.9941605317462874,0.9475935249851118
18480.0,0.9941805249667675,0.9477301011850008
18490.0,0.9942041776574083,0.9478124492996592
18500.0,0.9942222998241239,0.9478947083941408
18510.0,0.9942394890292021,0.9479768786127167
18520.0,0.994258193896201,0.9481669456292857
18530.0,0.9942793297426897,0.9482488802547083
18540.0,0.9942980032303972,0.9483846610215199
18550.0,0.9943178836553718,0.948628106301547
18560.0,0.9943389694439596,0.9488174128549108
18570.0,0.9943618696696721,0.9490065155349738
18580.0,0.9943847512725241,0.949356869920887
18590.0,0.9944060893911387,0.949599268463235
18600.0,0.9944264956162696,0.9496801247244772
18610.0,0.9944456664325384,0.9498683574230294
18620.0,0.9944672584365555,0.9500563879490898
18630.0,0.9944906597974201,0.9501368686597607
18640.0,0.9945097815409275,0.9502709082130787
18650.0,0.9945334507908842,0.9504584204600289
18660.0,0.9945525398729103,0.9505921440437276
18670.0,0.9945716135065744,0.9507257243854105
18680.0,0.9945924945820559,0.9509126920400407
18690.0,0.994612751479011,0.9510994596329785
18700.0,0.9946293493882972,0.9512860274851612
18710.0,0.9946532159740107,0.9513120624231736
18720.0,0.9946746370176593,0.9515517333475776
18730.0,0.9946948281979473,0.9517911483636752
18740.0,0.9947171242741476,0.951976948935489
18750.0,0.9947369791926371,0.9521625513305957
18760.0,0.9947589374580655,0.9522946538031022
18770.0,0.9947778517354964,0.9524266155239465
18780.0,0.9947985658848488,0.9526116820190618
18790.0,0.9948156348495296,0.9528497685061997
18800.0,0.9948372237988145,0.9530876017233126
18810.0,0.9948542636482022,0.9532188613045558
18820.0,0.9948706858300951,0.9535625099622762
18830.0,0.9948925282573521,0.9536933779406298
18840.0,0.99491254281117,0.95382410700069
18850.0,0.994934350912299,0.9539016497798525
18860.0,0.9949555385716934,0.9540321297916335
18870.0,0.9949736958761827,0.9541624715171427
18880.0,0.9949960556108144,0.9543986017689741
18890.0,0.9950171930518289,0.9545815467683023
18900.0,0.9950353040792832,0.9547642981852812
18910.0,0.9950555064374265,0.9550526148802284
18920.0,0.9950771960626956,0.9554463294751863
18930.0,0.995100070649867,0.9555226876551688
18940.0,0.9951199225795985,0.9557573517765694
18950.0,0.9951427617647493,0.9557806975885178
18960.0,0.995162580933652,0.9559622382785719
18970.0,0.9951811840954514,0.9561962996152021
18980.0,0.9952009720319525,0.9565881671144829
18990.0,0.9952171466209733,0.9566636827971144
19000.0,0.9952393018079415,0.9567391189937372
19010.0,0.9952581442901332,0.9569196780811109
19020.0,0.9952766724098078,0.9571000473161243
19030.0,0.9952969702835007,0.9571225894593033
19040.0,0.9953199375736029,0.9572501444251877
19050.0,0.9953485588799599,0.9573250747992231
19060.0,0.9953729729438378,0.9573474634069566
19070.0,0.9953979655357944,0.9574746998059881
19080.0,0.9954205491955457,0.9575493946858131
19090.0,0.9954472948201045,0.9576240113142318
19100.0,0.9954698416737598,0.9577509030940788
19110.0,0.9954953538863943,0.9578776620794307
19120.0,0.9955220388729402,0.958056586998588
19130.0,0.995548703012969,0.9581307824996079
19140.0,0.9955765381057782,0.9582049004754193
19150.0,0.9956001822276322,0.9582267244530311
19160.0,0.9956267847540222,0.9583007149939983
19170.0,0.9956527713556645,0.9584267904647645
19180.0,0.9956799275257182,0.9586048694020124
19190.0,0.9957058733232745,0.9587306549945287
19200.0,0.9957326790443174,0.958804228946409
19210.0,0.9957659892272542,0.9588777263026391
19220.0,0.9957977855507323,0.959003173612195
19230.0,0.9958301511270644,0.9592324892101295
19240.0,0.9958630853260938,0.959409594095941
19250.0,0.9958948080002623,0.9595865149862345
19260.0,0.9959256171823684,0.9598151705518925
19270.0,0.9959555137904048,0.9599916973691038
19280.0,0.9959865724102822,0.9602199056065557
19290.0,0.9960170151661324,0.9602923643149656
19300.0,0.9960492105027215,0.960468369514533
19310.0,0.9960819730276291,0.9607477603438455
19320.0,0.996110274615693,0.9608715904973862
19330.0,0.9961423975042494,0.960995292535306
19340.0,0.9961700636847138,0.9610671630215604
19350.0,0.9961997763539767,0.9611389592269134
19360.0,0.9962353713705221,0.9613139817158205
19370.0,0.996267397771434,0.9614371999380518
19380.0,0.9962698996089878,0.9613023063825396
19390.0,0.9962246274148064,0.9608581300603373
19400.0,0.9962100454395185,0.9606205865677027
19410.0,0.9961766171675233,0.96043480500747
19420.0,0.9961379126662329,0.9601977241130735
19430.0,0.9960892277750425,0.9597550306211724
19440.0,0.9960014392483529,0.9595185432848105
19450.0,0.9959175414487057,0.9591794766335922
19460.0,0.9958313548164622,0.9587893736190329
19470.0,0.9957464092177052,0.9586051050279903
19480.0,0.9956606465002722,0.9582670294132745
19490.0,0.9955711306358398,0.9579293007028885
19500.0,0.9954810953409192,0.9575919183631608
19510.0,0.9953934758144162,0.9573573881400236
19520.0,0.9953091492055912,0.9572255519696737
19530.0,0.9952720947176978,0.9567866468690799
19540.0,0.9952315510177755,0.9565017143441994
19550.0,0.9951904518907352,0.9561659250166232
19560.0,0.9951710555343377,0.9561883339297582
19570.0,0.9951783140776733,0.9563129119615758
19580.0,0.9951852745332495,0.9562841530054644
19590.0,0.9951942773038027,0.9564595987953652
19600.0,0.9952047352836857,0.9566348655680833
19610.0,0.9952113858094911,0.9568099535974708
19620.0,0.9952194921509406,0.956882931552928
19630.0,0.9952261321507498,0.9570067749987266
19640.0,0.9952353945035287,0.9571814062420447
19650.0,0.9952405645799411,0.9572540837616407
19660.0,0.9952474809412631,0.9572249631249682
19670.0,0.9952564330278897,0.9574500533780692
19680.0,0.9952615895646756,0.9575224836136376
19690.0,0.9952679075322727,0.9577471941496115
19700.0,0.9952779970396052,0.9579209177199127
19710.0,0.995289814699302,0.9582466642991223
19720.0,0.9953030717123761,0.9587749099944222
19730.0,0.9953198094353617,0.9590492119000558
19740.0,0.995332754922418,0.9592725799098323
19750.0,0.9953439470261584,0.9595463520834389
19760.0,0.9953574551423798,0.9597692424472446
19770.0,0.9953724053958057,0.9600424864700824
19780.0,0.9953832803710022,0.9602649006622517
19790.0,0.9953976296388112,0.9604365620736699
19800.0,0.9954084874602358,0.9605575475986061
19810.0,0.9954193372797272,0.9606784109837969
19820.0,0.9954356770017486,0.9608496039554009
19830.0,0.9954514160469883,0.9610206242751248
19840.0,0.9954680046145816,0.9612418728894713
19850.0,0.9954863183160075,0.9615132738904841
19860.0,0.9955017248216099,0.9618347515230854
19870.0,0.9955188558710294,0.9621055809974335
19880.0,0.9955377095816169,0.9624264373019465
19890.0,0.995557705990923,0.9624956010255895
19900.0,0.9955765321273903,0.9626149439726647
19910.0,0.9955965000819492,0.9629350610215459
19920.0,0.9956167424627785,0.9632548566839014
19930.0,0.995632063719431,0.9635241583462947
19940.0,0.9956485279615799,0.9637931899102352
19950.0,0.9956695946726296,0.9641120745827276
19960.0,0.9956877634189668,0.9642803466760183
19970.0,0.9957064953905572,0.964548595463422
19980.0,0.9957283826072408,0.9648165757469596
19990.0,0.9957473745886125,0.9649342203991796
20000.0,0.9957626109412213,0.9652017399130044
20010.0,0.9957807137173166,0.9653690470241367
20020.0,0.9957976529690403,0.9655361870036462
20030.0,0.9958177427580023,0.9658529279616594
20040.0,0.9958323574617842,0.9659697619879247
20050.0,0.9958504092070675,0.9662360979502269
20060.0,0.9958675864206896,0.9663526244952894
20070.0,0.9958873349889599,0.9665686811818046
20080.0,0.9959047737536586,0.9667845226831333
20090.0,0.9959213394884624,0.9669503757901547
20100.0,0.9959399005572956,0.967165812646137
20110.0,0.9959555820067221,0.9674307592859629
20120.0,0.9959729714218196,0.9675463446150788
20130.0,0.9959923533225327,0.9677611643733546
20140.0,0.9960122939218388,0.9677771709448388
20150.0,0.9960322202826541,0.9681405389310704
20160.0,0.9960492716138801,0.9684043450225683
20170.0,0.996067740651637,0.9686678895443954
20180.0,0.996083051983755,0.9687825182101977
20190.0,0.9960994954435768,0.968996087365658
20200.0,0.9961207831692028,0.9692589475768526
20210.0,0.9961400536438939,0.9693731136509821
20220.0,0.9961661454503953,0.9694377132683843
20230.0,0.9961936422581127,0.9696011072117048
20240.0,0.9962188380983723,0.9697149350328541
20250.0,0.9962400247392457,0.9697792701594983
20260.0,0.9962629066179576,0.969892897685208
20270.0,0.9962817839077737,0.9701050762172562
20280.0,0.9962997937081928,0.9701691238104629
20290.0,0.9963254773147251,0.9702331082746045
20300.0,0.9963502819533573,0.9703462883601793
20310.0,0.9963779017184944,0.9705578258086751
20320.0,0.9964091982839003,0.9709167855912603
20330.0,0.9964359251591919,0.971078648369485
20340.0,0.9964643386466627,0.9712895137898825
20350.0,0.9964933007371676,0.971352759078178
20360.0,0.9965256504200747,0.9715141692451255
20370.0,0.9965562748219216,0.9717735997250994
20380.0,0.9965863107812557,0.9719346450125117
20390.0,0.9966129225003405,0.9721445735863862
20400.0,0.996642351351307,0.9723542963580216
20410.0,0.9966686423447619,0.9726618000097986
20420.0,0.996697465301255,0.9729690024974291
20430.0,0.9967262685755051,0.973178013802555
20440.0,0.9967559014777425,0.9734846631769483
20450.0,0.9967869292244912,0.9738399100288494
20460.0,0.9968168041354409,0.9741948096378477
20470.0,0.9968477898035388,0.9745005129207172
20480.0,0.996876492769462,0.9748547434207314
20490.0,0.996903480575699,0.9751110243521546
20500.0,0.9969321449038611,0.9754158333739817
20510.0,0.9969610721498015,0.9757203451806348
20520.0,0.9969911088338288,0.9757809073631889
20530.0,0.9970242290826185,0.9759388242170377
20540.0,0.9970533775476036,0.976193953556302
20550.0,0.9970819422927112,0.9764001751739575
20560.0,0.997110487591654,0.9765575604299401
20570.0,0.9971415494485575,0.976666180545428
20580.0,0.9971692101286794,0.9769690491229776
20590.0,0.997199949264001,0.97702879898985
20600.0,0.997227852779812,0.9772826561817387
20610.0,0.9972351969921911,0.9772936781330358
20620.0,0.9972444981169369,0.9774501721545997
20630.0,0.9972557556486621,0.9777034559643255
20640.0,0.9972650359951303,0.9778111525604379
20650.0,0.9972759958730221,0.9781124400755411
20660.0,0.9972678499366191,0.9776874304244713
20670.0,0.9972490406341169,0.9774563397997195
20680.0,0.9972100329638534,0.9770804119723417
20690.0,0.9971825440326354,0.9768015079019864
20700.0,0.9971561925236718,0.9765711801362253
20710.0,0.9971278956642863,0.9762445077495051
20720.0,0.9970575774874444,0.975918150668404
20730.0,0.9969861846447063,0.9755921084366408
20740.0,0.9969120377242345,0.9754110216479437
20750.0,0.9968393391312288,0.9751337284950123
20760.0,0.9967683672208615,0.9749530369442705
20770.0,0.9966968820992049,0.9746762312840017
20780.0,0.9966631995609813,0.9744478129060199
20790.0,0.9966569380809468,0.9745082006637488
20800.0,0.9966543138979834,0.9743281573001298
20810.0,0.9966628666093797,0.9745326990533852
20820.0,0.9966783960350816,0.9747850727630757
20830.0,0.9966983822939047,0.9751812202966732
20840.0,0.9967155646662382,0.9754330406410441
20850.0,0.9967324568517939,0.9757325787732003
20860.0,0.9967479435853299,0.9759359570490389
20870.0,0.9967678810111611,0.9761391404340951
20880.0,0.9967847397527814,0.9763421292083713
20890.0,0.9968010303754447,0.9764970561485807
20900.0,0.9968195384374215,0.9768910578441223
20910.0,0.9968346900447985,0.9770455740997561
20920.0,0.9968584490121405,0.9772477415037523
20930.0,0.9968816328742859,0.9773541636806651
20940.0,0.9969053581936997,0.9775559906403706
20950.0,0.9969299024751972,0.9778053553529664
20960.0,0.996955264873967,0.9779113591908783
20970.0,0.9969758879490166,0.9780649468313385
20980.0,0.9970014913364984,0.9781707258948572
20990.0,0.9970309549369594,0.9785146014958792
21000.0,0.9970579021499927,0.9790009999523832
21010.0,0.9970845550418186,0.9792965589453143
21020.0,0.9971125781050603,0.9796394082108368
21030.0,0.997140029129941,0.979981931434549
21040.0,0.9971666314797761,0.9804191815978328
21050.0,0.99719515680315,0.9805709942520545
21060.0,0.9972222793779255,0.9808651061203172
21070.0,0.9972499388866747,0.9812538560106308
21080.0,0.9972767507040542,0.9815948010056449
21090.0,0.9973018855104889,0.981888009103409
21100.0,0.9973297708519695,0.982086157054168
21110.0,0.9973581919268095,0.9823314859551893
21120.0,0.9973885303685264,0.9827186212774016
21130.0,0.9974169154899203,0.9830107425110028
21140.0,0.9974447304731721,0.9833025873894329
21150.0,0.9974752799695306,0.9835941563046664
21160.0,0.9975052544373033,0.9838381929020368
21170.0,0.9975379703949028,0.9841292333852912
21180.0,0.9975753558957179,0.9842311505594636
21190.0,0.9976132583637242,0.984616110612996
21200.0,0.9976549974211235,0.9850007075137965
21210.0,0.997696987099199,0.9853849417754939
21220.0,0.9977367473924598,0.9855331982470195
21230.0,0.9977759330614672,0.9858697188074043
21240.0,0.9978142691712631,0.9861588437455864
21250.0,0.9978479028379009,0.9864006399698838
21260.0,0.9978864695994154,0.9868303466440901
21270.0,0.997923913011769,0.987165624559259
21280.0,0.9979561091739826,0.9873596165593722
21290.0,0.9979275303318127,0.9871307125076323
21300.0,0.9978962203930741,0.9869959156847097
21310.0,0.997861632175208,0.9867204729951669
21320.0,0.9978001421642723,0.986492190797805
21330.0,0.9977331921325664,0.9862641226384136
21340.0,0.997674787155979,0.9858956937350639
21350.0,0.9977014684891768,0.9861364807268981
21360.0,0.9977256638897704,0.9864238565610224
21370.0,0.9977539587256191,0.9868045482195499
21380.0,0.9977819632042607,0.9870913427809738
21390.0,0.9978126921340561,0.9874246178299285
21400.0,0.9978406638093558,0.9878977617868324
21410.0,0.9978708104847576,0.9881836439213488
21420.0,0.9978987495523842,0.9885159422996125
21430.0,0.9979296834230107,0.9886612850543605
21440.0,0.9979600523585906,0.9889464110815727
21450.0,0.9979898485263368,0.9891846533961121
21460.0,0.9980220863424782,0.9896090582917851
21470.0,0.9980553964387414,0.9898933445112011
21480.0,0.9980914135832949,0.9900842605092873
21490.0,0.9981315091640148,0.9904145921548555
21500.0,0.9981715827053944,0.9906981070647877
21510.0,0.9982140916848447,0.9911673097485008
21520.0,0.9982541206117871,0.9914037451791273
21530.0,0.9982919445103046,0.9918257396312294
21540.0,0.9983313835952227,0.992154496077248
21550.0,0.9983735225955278,0.9924829474270336
21560.0,0.9984189084379925,0.9929038541811605
21570.0,0.998463994397093,0.9933243706828613
21580.0,0.9985030563635663,0.993698160418887
21590.0,0.998497967241756,0.9937010791533509
21600.0,0.9984618347338259,0.9936577010323596
21610.0,0.9984357939523409,0.9937069085188098
21620.0,0.9984642029692932,0.9940798297951066
21630.0,0.9984977615772309,0.9944061763210208
21640.0,0.9985348335858779,0.9947322212467077
21650.0,0.9985718816947592,0.9951965267193201
21660.0,0.9986105423452922,0.9955680716495083
21670.0,0.9986480963883708,0.9959854183009552
21680.0,0.9986856300776932,0.9963562566302292
21690.0,0.9987282997965418,0.9967728551011941
21700.0,0.9987755598699981,0.9971429888023593
21710.0,0.9988157381323547,0.9974206623370642
21720.0,0.998831738584922,0.9976980801988858
21730.0,0.9988618393272197,0.9980212599512217
21740.0,0.9988970735659456,0.9983441424037532
21750.0,0.9989393383023633,0.9987127028642361
21760.0,0.9989718145650727,0.9990349708193558
21770.0,0.9989627924023018,0.9992191447338202
21780.0,0.9990036347281467,0.9996327074055369
21790.0,0.999040104507991,1.0
